Query,Output
"LANA MINERAL 1M X 2.4M 100MM 100KG/M3 LANA MINERAL, 1M X 2.4M, ESPESOR 100MM, DENSIDAD 100KG M3",cant find the part number
"Vacuum filters (ELEMNT,P/FILTR:COMBUSTIBLE ACEITE,DI 6-1) ELEMENTO,PARA FILTRAR: TIPO: COMBUSTIBLE ACEITE TAMAÑO: DI 6-1/8"" X DE 8"" X L 32-1/2"" RETENCIÓN DE FILTRADO:10 MICRÓN MATERIAL:AÇO INOX 304 TEXTO (TEXT):PRESSURE:10BAR, ATTRIBUTE:MESH, BETA 200, USE:ALSTHOM GASTURBINE MODEL MS5001 TYPE PG5341 FABRICANTE (MANUFACTURER): LANZ ECOFILTER:729-KV-4-118-D-10-8-33-F1/E ",729-KV-4-118-D-10-8-33-F1/E
"ELECTRODO 3/32"" 308H ELECTRODO, DESIGNACION FABRICANTE: 308H, DIAMETRO: 3 32"", USO O APLICACION: ACERO INOXIDABLE",cant find the part number
"ELECTRODO 1/8"" E308H ELECTRODO, DESIGNACION FABRICANTE: E308H, DIAMETRO: 1 8"", USO O APLICACION: ACERO INOXIDABLE",E308H
"ALAMBRE TUBULAR SOL CARB 1,2mm E81T1A1 ALAMBRE; TIPO: TUBULAR SOLDADURA; MATERIAL: CARBONO MOLIBDENO; DIAMETRO:1,2mm; ESTANDARES Y ESPECIFICACIONES: CLASIFICACION AWS A5.20 E81T1-A1,CARACTERISTICAS ADICIONALES: DEBE VENIR EN ROLLOS DE 15KG",E81T1-A1
"TUBO LISO HDPE PE100 160mmX12m PN10 TUBO; TIPO TUBO: LISO; DIAMETRO: 160mm; LONGITUD: 12m; DESIGNADOR ESPESOR PARED: 10,1mm; MATERIAL: POLIETILENO ALTA DENSIDAD (PE100) ; PRESION OPERACIONAL MAXIMA: PN10; CARACTERISTICAS ADICIONALES: PESO POR METRO (kg): 4,52, PESO TOTAL (kg): 54,24",cant find the part number
"TUBO LISO HDPE PE100 160mmX12m PN16 TUBO; TIPO TUBO: LISO; DIAMETRO: 160mm; LONGITUD: 12m; DESIGNADOR ESPESOR PARED: 15,4mm; MATERIAL: POLIETILENO ALTA DENSIDAD (PE100) ; PRESION OPERACIONAL MAXIMA: PN16; CARACTERISTICAS ADICIONALES: PESO POR METRO (kg): 6,67, PESO TOTAL (kg): 80,04",cant find the part number
"FILTER ELEMENT,AIRCON,CAT 2593222 FILTER ELEMENT,AIRCON,CAT 2593222",The part number in the text is: 2593222
"Sello,Llanura Short Name: Sello,Liso Medios De Aplicación: Polvo Datos De Sello: PV351 Fabricante VIFMA SPA Número de pieza VF57635997 WI Referencial no generará Orden de Compra inmediata. Se requiere vigencia de cotización mínimo 3 meses (Precio proyectado y Plazo Entrega) En caso de que se genere un requerimiento por parte de nuestro cliente, se creará una nueva WI en forma directa, considerar que no necesariamente será por el total de las unidades solicitadas en esta WI, la cual es la demanda de 6 meses. Cualquier duda o consulta contactar a Maria Isabel +56 9 98224964 correo msantander@sawu.cl",VF57635997
"Cinta,Reparacion Tubería Short Name: Cinta,Reparacion Tubería Tipo De Cinta: Universal Ancho De Cinta: 100mm ancho Largo De Cinta: 3.6m lg Tape setting time: 15min tiempo reparación Características Especiales: 50 a 100mm dia tubería Características Especiales: 3mm tamaño orificio Características Especiales: 6bar max tuberia press Marca SYLWRAP WI Referencial no generará Orden de Compra inmediata. Se requiere vigencia de cotización mínimo 3 meses (Precio proyectado y Plazo Entrega) En caso de que se genere un requerimiento por parte de nuestro cliente, se creará una nueva WI en forma directa, considerar que no necesariamente será por el total de las unidades solicitadas en esta WI, la cual es la demanda de 6 meses. Cualquier duda o consulta contactar a Maria Isabel +56 9 98224964 correo msantander@sawu.cl",cant find the part number
"INTERRUPTOR,PROXIMIDAD Fabricante TELEMECANIQUE Número de pieza XSA-V11151 WI Referencial no generará Orden de Compra inmediata. Se requiere vigencia de cotización mínimo 3 meses (Precio proyectado y Plazo Entrega) En caso de que se genere un requerimiento por parte de nuestro cliente, se creará una nueva WI en forma directa, considerar que no necesariamente será por el total de las unidades solicitadas en esta WI, la cual es la demanda de 6 meses. Cualquier duda o consulta contactar a Maria Isabel +56 9 98224964 correo msantander@sawu.cl",XSA-V11151
"SENSOR,INDUCTIVO,CORRIENTE CONTINUA Fabricante TELEMECANIQUE Número de pieza XS630B2PBL01M12 WI Referencial no generará Orden de Compra inmediata. Se requiere vigencia de cotización mínimo 3 meses (Precio proyectado y Plazo Entrega) En caso de que se genere un requerimiento por parte de nuestro cliente, se creará una nueva WI en forma directa, considerar que no necesariamente será por el total de las unidades solicitadas en esta WI, la cual es la demanda de 6 meses. Cualquier duda o consulta contactar a Maria Isabel +56 9 98224964 correo msantander@sawu.cl",XS630B2PBL01M12
"Lámpara,Incandecent Nombre abreviado Lámpar Voltaje de lámpar 24v Potencia nominal 32w Denominación/tip de lámpar Led Datos luminosos 3200 lm Fabricante TTPM LIMITADA Número de pieza FL.RI.3345.00 WI Referencial no generará Orden de Compra inmediata. Se requiere vigencia de cotización mínimo 3 meses (Precio proyectado y Plazo Entrega) En caso de que se genere un requerimiento por parte de nuestro cliente, se creará una nueva WI en forma directa, considerar que no necesariamente será por el total de las unidades solicitadas en esta WI, la cual es la demanda de 6 meses. Cualquier duda o consulta contactar a Maria Isabel +56 9 98224964 correo msantander@sawu.cl",FL.RI.3345.00
"Sensor Modifier 1: Lvl tx Modifier 2: 6m max Additional modifiers: 4 a 20mA Additional modifiers: 18 a 30V DC Additional modifiers: Conexión NPT de 2in Fabricante :SIEMENS GMBH,W.GERMANY Número de pieza :7ML5221-1AA11 WI Referencial no generará Orden de Compra inmediata. Se requiere vigencia de cotización mínimo 3 meses (Precio proyectado y Plazo Entrega) En caso de que se genere un requerimiento por parte de nuestro cliente, se creará una nueva WI en forma directa, considerar que no necesariamente será por el total de las unidades solicitadas en esta WI, la cual es la demanda de 6 meses. Cualquier duda o consulta contactar a Maria Isabel +56 9 98224964 correo msantander@sawu.cl",7ML5221-1AA11
"Kit de contactos,Eléctrico |Nombre abreviado Kit contactos Voltaje nominal 600V Corriente nominal 27A Contenido 1 Pole Contenido Size 3 Contenido 0.48 LB Contenido 0.3 IN Fabricante SIEMENS GMBH,W.GERMANY Número de pieza 75HF14 WI Referencial no generará Orden de Compra inmediata. Se requiere vigencia de cotización mínimo 3 meses (Precio proyectado y Plazo Entrega) En caso de que se genere un requerimiento por parte de nuestro cliente, se creará una nueva WI en forma directa, considerar que no necesariamente será por el total de las unidades solicitadas en esta WI, la cual es la demanda de 6 meses. Cualquier duda o consulta contactar a Maria Isabel +56 9 98224964 correo msantander@sawu.cl",75HF14
"BLOQUE,ELECTRICO-OPERADOR DE VALVULAS,DOBLE EFECTO SIEMENS GMBH,W.GERMANY SIPART PS2,POSICIONADOR ELECTRO NEUMATICO Fabricante SIEMENS GMBH,W.GERMANY Número de pieza C73451-A430-D81 WI Referencial no generará Orden de Compra inmediata. Se requiere vigencia de cotización mínimo 3 meses (Precio proyectado y Plazo Entrega) En caso de que se genere un requerimiento por parte de nuestro cliente, se creará una nueva WI en forma directa, considerar que no necesariamente será por el total de las unidades solicitadas en esta WI, la cual es la demanda de 6 meses. Cualquier duda o consulta contactar a Maria Isabel +56 9 98224964 correo msantander@sawu.cl",C73451-A430-D81
"IMAN,TARGET,SOLTEXSA AMP3 Fabricante :SOLTEX CHILE S.A Número de pieza :AMP3 Fabricante SOLTEX CHILE S.A Número de pieza AMP3 WI Referencial no generará Orden de Compra inmediata. Se requiere vigencia de cotización mínimo 3 meses (Precio proyectado y Plazo Entrega) En caso de que se genere un requerimiento por parte de nuestro cliente, se creará una nueva WI en forma directa, considerar que no necesariamente será por el total de las unidades solicitadas en esta WI, la cual es la demanda de 6 meses. Cualquier duda o consulta contactar a Maria Isabel +56 9 98224964 correo msantander@sawu.cl",AMP3
"ENSAMBLADO INYECTOR,MODELO FP-10,ACERO INOXIDABLE Fabricante THE RARING CORP Número de pieza 0843.2 WI Referencial no generará Orden de Compra inmediata. Se requiere vigencia de cotización mínimo 3 meses (Precio proyectado y Plazo Entrega) En caso de que se genere un requerimiento por parte de nuestro cliente, se creará una nueva WI en forma directa, considerar que no necesariamente será por el total de las unidades solicitadas en esta WI, la cual es la demanda de 6 meses. Cualquier duda o consulta contactar a Maria Isabel +56 9 98224964 correo msantander@sawu.cl",0843.2
"Módulo Modifier 1: Interfaz Additional modifiers: Simatic dp Fabricante SIEMENS GMBH,W.GERMANY SIEMENS GMBH,W.GERMANY Número de pieza 6ES7157-0AA82-0XA0 SUPERSEDED 6ES7153-2BA82-0XB0 WI Referencial no generará Orden de Compra inmediata. Se requiere vigencia de cotización mínimo 3 meses (Precio proyectado y Plazo Entrega) En caso de que se genere un requerimiento por parte de nuestro cliente, se creará una nueva WI en forma directa, considerar que no necesariamente será por el total de las unidades solicitadas en esta WI, la cual es la demanda de 6 meses. Cualquier duda o consulta contactar a Maria Isabel +56 9 98224964 correo msantander@sawu.cl",6ES7153-2BA82-0XB0
"PR 5274161672 MN 10240858 FUSE,2A,250V AC,TIME DELAY,MELAMINE TUBE Long Description Fuse link,Cartridge Short Name: Fuse Current rating: 2A Rated voltage: 250V AC Fuse cartridge type: Time delay Body material: Melamine tube Diameter: 10.3mm dia Overall length: 38.1mm lg Fuse class: Class 1422-01 Long Description Fuse link,Cartridge Short Name: Fuse Current rating: 2A Rated voltage: 250V AC Fuse cartridge type: Time delay Body material: Melamine tube Diameter: 10.3mm dia Overall length: 38.1mm lg Fuse class: Class 1422-01",10240858
"BASE,CHASSIS,DRUM HOIST,TECHNYL Base,Chasís Short Name Base,Chassis Diseño/Tipo De Base Drum Hoist Material De La Base Technyl",cant find the part number
"FILTER,CAT 4385386 10984808 FILTER,CAT 4385386 Long Description Filter,Water separator & fuel,Ultra high efficiency Manufacturer: CATERPILLAR EQUIPMENT CO CATERPILLAR EQUIPMENT CO Part Number: 4385386 382-0664 S/S _______________________________________________________________________________ 11124998 CLAMP,FILT,CAT 5278980 Long Description Clamp Modifier 1: Filter Manufacturer: CATERPILLAR EQUIPMENT CO Part Number: 527-8980 _______________________________________________________________________________ 11390275 SEAL,O-RING,CAT 5958723 Long Description Seal Modifier 1: O-ring Parent Equipment: CAT 793 TWN NEXT GEN Manufacturer: CATERPILLAR EQUIPMENT CO Part Number: 595-8723 _____________________________________________________________________________ 11390334 SEAL,O-RING,CAT 5958729 Long Description Seal Modifier 1: O-ring Parent Equipment: CAT 793 TWN NEXT GEN Manufacturer: CATERPILLAR EQUIPMENT CO Part Number: 595-8729 _____________________________________________________________________________ 11402374 FILTER,AIR,CAT 4177951 Long Description Filter Modifier 1: Air Manufacturer: CATERPILLAR EQUIPMENT CO Part Number: 4177951 _____________________________________________________________________________ 11403269 FILTER,AIR,CAT 3877955 Long Description Filter Modifier 1: Air Manufacturer: CATERPILLAR EQUIPMENT CO Part Number: 3877955 ___________________________________________________________________________ 11446158 SEAL,CAT 4427138 Long Description Seal Manufacturer: CATERPILLAR EQUIPMENT CO Part Number: 442-7138 ___________________________________________________________________________ 11127987 MAINTENANCE KIT,CAT KIT797BMANT300REV2 Long Description Maintenance kit Additional modifiers: C/W 6 x 275-2604 - Filter Additional modifiers: 7 x 169-8373 - Kit Manufacturer: CATERPILLAR EQUIPMENT CO CATERPILLAR EQUIPMENT CO Part Number: KIT797B/MANT-300 SUPERSEDED KIT797B/MANT‐300REV2 Por favor, indicar expresamente y dentro de su cotización la marca y número de parte cotizado por usted. Además subir junto a su cotización la ficha técnica del fabricante e imágenes de apoyo. Se requiere que indique su mejor plazo de entrega.","4385386, 5278980, 5958723, 5958729, 4177951, 3877955, 4427138, KIT797B/MANT-300"
"SEAL,CAT 4427138 10984808 FILTER,CAT 4385386 Long Description Filter,Water separator & fuel,Ultra high efficiency Manufacturer: CATERPILLAR EQUIPMENT CO CATERPILLAR EQUIPMENT CO Part Number: 4385386 382-0664 S/S _______________________________________________________________________________ 11124998 CLAMP,FILT,CAT 5278980 Long Description Clamp Modifier 1: Filter Manufacturer: CATERPILLAR EQUIPMENT CO Part Number: 527-8980 _______________________________________________________________________________ 11390275 SEAL,O-RING,CAT 5958723 Long Description Seal Modifier 1: O-ring Parent Equipment: CAT 793 TWN NEXT GEN Manufacturer: CATERPILLAR EQUIPMENT CO Part Number: 595-8723 _____________________________________________________________________________ 11390334 SEAL,O-RING,CAT 5958729 Long Description Seal Modifier 1: O-ring Parent Equipment: CAT 793 TWN NEXT GEN Manufacturer: CATERPILLAR EQUIPMENT CO Part Number: 595-8729 _____________________________________________________________________________ 11402374 FILTER,AIR,CAT 4177951 Long Description Filter Modifier 1: Air Manufacturer: CATERPILLAR EQUIPMENT CO Part Number: 4177951 _____________________________________________________________________________ 11403269 FILTER,AIR,CAT 3877955 Long Description Filter Modifier 1: Air Manufacturer: CATERPILLAR EQUIPMENT CO Part Number: 3877955 ___________________________________________________________________________ 11446158 SEAL,CAT 4427138 Long Description Seal Manufacturer: CATERPILLAR EQUIPMENT CO Part Number: 442-7138 ___________________________________________________________________________ 11127987 MAINTENANCE KIT,CAT KIT797BMANT300REV2 Long Description Maintenance kit Additional modifiers: C/W 6 x 275-2604 - Filter Additional modifiers: 7 x 169-8373 - Kit Manufacturer: CATERPILLAR EQUIPMENT CO CATERPILLAR EQUIPMENT CO Part Number: KIT797B/MANT-300 SUPERSEDED KIT797B/MANT‐300REV2 Por favor, indicar expresamente y dentro de su cotización la marca y número de parte cotizado por usted. Además subir junto a su cotización la ficha técnica del fabricante e imágenes de apoyo. Se requiere que indique su mejor plazo de entrega.","4385386, 527-8980, 595-8723, 595-8729, 4177951, 3877955, 442-7138, KIT797B/MANT-300"
"FUENTE ALIMENTACION,AC/DC,1 FASE Fabricante ROCKWELL Número de pieza 80026-172-24-R WI Referencial no generará Orden de Compra inmediata. Se requiere vigencia de cotización mínimo 3 meses (Precio proyectado y Plazo Entrega) En caso de que se genere un requerimiento por parte de nuestro cliente, se creará una nueva WI en forma directa, considerar que no necesariamente será por el total de las unidades solicitadas en esta WI, la cual es la demanda de 6 meses. Cualquier duda o consulta contactar a Maria Isabel +56 9 98224964 correo msantander@sawu.cl",80026-172-24-R
"Fusible Modifier 1: 6A Additional modifiers: 8.5 x 31.5mm Fabricante SCHNEIDER ELECTRIC SA Número de pieza DF2BA0600 WI Referencial no generará Orden de Compra inmediata. Se requiere vigencia de cotización mínimo 3 meses (Precio proyectado y Plazo Entrega) En caso de que se genere un requerimiento por parte de nuestro cliente, se creará una nueva WI en forma directa, considerar que no necesariamente será por el total de las unidades solicitadas en esta WI, la cual es la demanda de 6 meses. Cualquier duda o consulta contactar a Maria Isabel +56 9 98224964 correo msantander@sawu.cl",DF2BA0600
"Filtro,Fluido Short Name: Elemento Filtrante,Fluido Medio De Diseño: Potasio permanganato Material Del Elemento: Marco galvanizado Dimensión/Tamaño Del Elemento: 600 x 300 x 40mm Fabricante :ROSENCKRANZ Número de pieza :CGMP2-600/300/40 WI Referencial no generará Orden de Compra inmediata. Se requiere vigencia de cotización mínimo 3 meses (Precio proyectado y Plazo Entrega) En caso de que se genere un requerimiento por parte de nuestro cliente, se creará una nueva WI en forma directa, considerar que no necesariamente será por el total de las unidades solicitadas en esta WI, la cual es la demanda de 6 meses. Cualquier duda o consulta contactar a Maria Isabel +56 9 98224964 correo msantander@sawu.cl",CGMP2-600/300/40
"Filtro,Fluido Short Name: Elemento Filtrante,Fluido Diseño Ó Tipo Del Filtro: Desechables Dimensión/Tamaño Del Elemento: 600 x 300 x 40mm Fabricante :ROSENCKRANZ Número de pieza :D1532-600/300/40 WI Referencial no generará Orden de Compra inmediata. Se requiere vigencia de cotización mínimo 3 meses (Precio proyectado y Plazo Entrega) En caso de que se genere un requerimiento por parte de nuestro cliente, se creará una nueva WI en forma directa, considerar que no necesariamente será por el total de las unidades solicitadas en esta WI, la cual es la demanda de 6 meses. Cualquier duda o consulta contactar a Maria Isabel +56 9 98224964 correo msantander@sawu.cl",D1532-600/300/40
"Filtro,Fluido Short Name: Elemento Filtrante,Fluido Diseño Ó Tipo Del Filtro: Metálico Material Del Elemento: Alu mesh Dimensión/Tamaño Del Elemento: 600 x 300 x 40mm Fabricante :ROSENCKRANZ Número de pieza :MLA2-600/300/40 WI Referencial no generará Orden de Compra inmediata. Se requiere vigencia de cotización mínimo 3 meses (Precio proyectado y Plazo Entrega) En caso de que se genere un requerimiento por parte de nuestro cliente, se creará una nueva WI en forma directa, considerar que no necesariamente será por el total de las unidades solicitadas en esta WI, la cual es la demanda de 6 meses. Cualquier duda o consulta contactar a Maria Isabel +56 9 98224964 correo msantander@sawu.cl",MLA2-600/300/40
"AISLADOR.,PILOTO,TAPON Fabricante PATTON & COOKE,CANADA Número de pieza IN-107 WI Referencial no generará Orden de Compra inmediata. Se requiere vigencia de cotización mínimo 3 meses (Precio proyectado y Plazo Entrega) En caso de que se genere un requerimiento por parte de nuestro cliente, se creará una nueva WI en forma directa, considerar que no necesariamente será por el total de las unidades solicitadas en esta WI, la cual es la demanda de 6 meses. Cualquier duda o consulta contactar a Maria Isabel +56 9 98224964 correo msantander@sawu.cl",IN-107
"CUERPO CONECTOR,RECEPTACULO,ELECTRICO,ACOPLADOR DE CABLE UMBILICAL Fabricante PATTON & COOKE,CANADA Número de pieza B-048-EW WI Referencial no generará Orden de Compra inmediata. Se requiere vigencia de cotización mínimo 3 meses (Precio proyectado y Plazo Entrega) En caso de que se genere un requerimiento por parte de nuestro cliente, se creará una nueva WI en forma directa, considerar que no necesariamente será por el total de las unidades solicitadas en esta WI, la cual es la demanda de 6 meses. Cualquier duda o consulta contactar a Maria Isabel +56 9 98224964 correo msantander@sawu.cl",B-048-EW
"Enchufe arrancador de lámpara,Contacto Short Name: Enchufe,Contacto Tipo De Cubo: M Voltaje Máximo De Contacto: 8kV Corriente Máxima De Contacto: 600A Tipo Y Cantidad De Contactos: 4 polos Características Especiales: Unión Fabricante PATTON & COOKE,CANADA Número de pieza RM8SF23DV WI Referencial no generará Orden de Compra inmediata. Se requiere vigencia de cotización mínimo 3 meses (Precio proyectado y Plazo Entrega) En caso de que se genere un requerimiento por parte de nuestro cliente, se creará una nueva WI en forma directa, considerar que no necesariamente será por el total de las unidades solicitadas en esta WI, la cual es la demanda de 6 meses. Cualquier duda o consulta contactar a Maria Isabel +56 9 98224964 correo msantander@sawu.cl",RM8SF23DV
"SENSOR,PROXIMIDAD,INDUCTIVO,NORMALMENTE ABIERTO,AC THYRISTOR SISTEMA CORTADO CATODO Fabricante PEPPERL & FUCHS GMBH Número de pieza NJ15+U4+W+BHMS3-NO WI Referencial no generará Orden de Compra inmediata. Se requiere vigencia de cotización mínimo 3 meses (Precio proyectado y Plazo Entrega) En caso de que se genere un requerimiento por parte de nuestro cliente, se creará una nueva WI en forma directa, considerar que no necesariamente será por el total de las unidades solicitadas en esta WI, la cual es la demanda de 6 meses. Cualquier duda o consulta contactar a Maria Isabel +56 9 98224964 correo msantander@sawu.cl",NJ15+U4+W+BHMS3-NO
"LIGHT FITTING,200W,220/240VAC,24VDC,50HZ 10490792 LIGHT FITTING,200W,220/240VAC,24VDC,50HZ Descripción larga Luminaria Nombre abreviado Accesorio luz Potencia nominal 200w Voltage de suministro 220vac,24vdc Datos de lámpara 50h |Acabado del difusor Led Caracteristicas especiales -30deg c to +50deg c Caracteristicas especiales 14350 lumens Fabricante: COOPER LIGHTING Número de pieza: LCM2055401TGST07 Por favor, indicar expresamente y dentro de su cotización la marca y número de parte cotizado por usted. Indicar también el plazo de entrega en días o semanas. Además subir junto a su cotización la ficha técnica del fabricante e imágenes de apoyo.",LCM2055401TGST07
"MOUNT,TYPE 4,SANDWICH,LORDERIE J513055 10417268 MOUNT,TYPE 4,SANDWICH,LORDERIE J513055 Descripción larga MONTURA,TIPO 4,SANDWICH,FLEX-PERNO,LGE,NR,SISTEMA PLEGADO CATODOS, Fabricante: LORD ERIE RUBBER PRODUCTS,USA Número de pieza: J-5130-55 Por favor, indicar expresamente y dentro de su cotización la marca y número de parte cotizado por usted. Indicar también el plazo de entrega en días o semanas. Además subir junto a su cotización la ficha técnica del fabricante e imágenes de apoyo.",J-5130-55
"ABSORBENTE HIDROCARBURO BIOABSORB 4,5KG ABSORBENTE HIDROCARBURO, TIPO PRESENTACION: BOLSAS 4,5 KILOS, REF: BIOABSORB",BIOABSORB
"BOLSA FILTRANTE 1500X500MM BOLSA FILTRANTE 1500 MM DE LARGO X 500 MM ANCHO INTERNO TRATAMIENTO SECADO POR CALOR POR UN LADO 01 CALANDRADO GRADO K2, APLICACIONES GASES PH NEUTRO O ALCALINO SIN HUMEDAD VOL. DE PORO 78% RESISTENCIA A LA ROTURA LONGITUDINAL: 135 DAN 5 CM, TRANSVERSAL 160 DAN 5 CM, ALARGAMIENTO A LA COSTURA LONGITUDINAL: 22 DAN CM, TRANSVERSAL 23 DAN CM T° OPER. 150 GRADOS C Y BREVES PERIODOS DE 160°C",cant find the part number
"CONNECTOR,CABLE,RJ45,5 TO 7.5MM DIA,BLK 11391199 CONNECTOR,CABLE,RJ45,5 TO 7.5MM DIA,BLK 11391199 CONNECTOR,CABLE,RJ45,5 TO 7.5MM DIA,BLK Ens conector,fibra Optica Short Name: Conector Tipo Del Conector: Cable Datos Del Conector: RJ45 Tamaño Del Cable: 5 to 7.5mm dia Características Especiales: Color negro Características Especiales: Plástico Características Especiales: Protección IP68 Fabricante: DELOCK Número de pieza: 86693",86693
"CONNECTOR,CABLE,RJ45,5 TO 7.5MM DIA,BLK Número de pieza: 86693 11391199 CONNECTOR,CABLE,RJ45,5 TO 7.5MM DIA,BLK Ens conector,fibra Optica Short Name: Conector Tipo Del Conector: Cable Datos Del Conector: RJ45 Tamaño Del Cable: 5 to 7.5mm dia Características Especiales: Color negro Características Especiales: Plástico Características Especiales: Protección IP68 Fabricante: DELOCK Número de pieza: 86693",86693
"CONNECTOR,CABLE,RJ45,5 TO 7.5MM DIA,BLK Número de pieza: 86693 11391199 CONNECTOR,CABLE,RJ45,5 TO 7.5MM DIA,BLK Ens conector,fibra Optica Short Name: Conector Tipo Del Conector: Cable Datos Del Conector: RJ45 Tamaño Del Cable: 5 to 7.5mm dia Características Especiales: Color negro Características Especiales: Plástico Características Especiales: Protección IP68 Fabricante: DELOCK Número de pieza: 86693",86693
"CONEC,MULTIPOS,HUBB PS0759NBK Número de pieza: PS0759NBK 10443904 CONEC,MULTIPOS,HUBB PS0759NBK CONEC,MULTIPOS,HUBB PS0759NBK CONECTOR,MULTIPOSICION,3/4IN,PVC Fabricante: HUBBELL Número de pieza: PS0759NBK",PS0759NBK
"CLIP FIJACION 1/4"" 2"" CLIP DE FIJACION, DIAMETRO: 1 4"", LARGO: 2"", MATERIAL: ACERO INOXIDABLE",Can't find the part number.
"CLORURO AMONIO MERCK 1145 CLORURO AMONIO, CALIDAD: P.A, CAPACIDAD ENVASE: 1 KG, REFERENCIA FABRICANTE: MERCK 1145",The part number in the text is: 1145
"CODO CACHIM AC|1"" 150PSI 90GRD NEGRO|| CODO 90 GRADOS, HIERRO NEGRO MALEABLE, TIPO DE SERVICIO , HEMBRA-MACHO, DE 1"" DIAMETRO, HILO NPT.",cant find the part number
"CAÑERIA INOX 1"" SCH40 AISI-316L CAÑERIA DE ACERO INOXIDABLE, CON COSTURA, AISI 316 L, PARA 150 PSI, DE1"" DIAMETRO SCHEDULE 40S, EN LARGO DE 6MT",cant find the part number
"ACOPLAMIENTO AC 6"" VICTAULIC 77 COPLA VICTAULIC, FUNDICION DE FIERRO DUCTIL ASTM A 536, CON PERNOS CUELLO OVALADO Y TUERCA HEXAGONAL, SEGUN ESPECIFICACION ASTM A-183, PINTADAS COLOR NARANJA, INCLUYENDO EMPAQUETADURA DE GOMA, ESTILO 77, DE 6"" DIA.",77
"POLVO QUIMICO SECO MULTIUSOANSUL 53080 POLVO QUIMICO SECO MULTIUSO, CARACTERISTICAS ADICIONALES: PARA INCENDIOS CLASE A, B Y C, EN 45 LB. (20.41 KG.), DESIGNACION FABRICAN TE: ANSUL 53080",53080
"PERNO AC HEX CTE 3/4""X10UNCX2"" GR2 PERNO HEXAGONAL CORRIENTE, GRADO 2, UNC, 3 4-10 X 2"", DIMENSIONAL SEGUN NORMA ANSI B18.2.1-1981, HILO CLASE 2A POR ANSI B1.1-1982, GRADO 2 SEGUN SAE J429 AGOSTO 1983.",cant find the part number
"PERNO AC HEX CTE 3/4""X10UNCX5-1/2"" GR2 PERNO HEXAGONAL CORRIENTE, GRADO 2, UNC, 3 4-10 X 2"", DIMENSIONAL SEGUN NORMA ANSI B18.2.1-1981, HILO CLASE 2A POR ANSI B1.1-1982, GRADO 2 SEGUN SAE J429 AGOSTO 1983.",cant find the part number
"PERNO AC HEX CTE 1""UNCX5-1""/2"" GR2 PERNO HEXAGONAL CORRIENTE, GRADO 2, UNC, 1-8 X 5-1 2"", DIMENSIONAL SEGUN NORMA ANSI B18.2.1-1981, HILO CLASE 2A POR ANSI B1.1-1982, GRADO 2 SEGUN SAE J429 AGOSTO 1983. PROGRAMA DE ENTREGAS: INMEDIATO 200 UNIDADES ABRIL 1996 100 UNIDADES JUNIO 1996 100 UNIDADES AGOSTO 1996 100 UNIDADES",cant find the part number
"PERNO AC HEX CTE 1/2""X13UNCX2"" GR5 PERNO HEXAGONAL CORRIENTE, GRADO 5 UNC, TN, 1 2-13 X 2"" DIMENSIONAL: ANSI B18.2.1-1981, HILO CLASE 2A POR ANSI B1.1-1982, GRADO 5 POR SAE J429 AGOSTO 83. PROGRAMA DE ENTREGA: ******************** MAYO 1996 : 700 UNIDADES JUNIO 1996 : 600 UNIDADES AGOSTO 1996 : 600 UNIDADES OCTUBRE 1996 : 600 UNIDADES",cant find the part number
"TUERCA HEXAGONAL 3/4"" ACERO TUERCA, TIPO: HEXAGONAL, DIAMETRO: 3 4"", MATERIAL: ACERO, NORMAS Y ESTANDARES: A-194-2H, INFORMACION ADICIONAL: GRADO: 5, SERIES HIL O UNC, TRATAMIENTOSUPERFICIAL CORRIENTE, CLASE HILO CORRIENTE, DIRECCION HILO DERECHO, ALTURA TUERCA 16MM, ALTA RESISTENCIA",cant find the part number
"TUERCA HEXAGONAL 5/8"" ACERO TUERCA, TIPO: HEXAGONAL, DIAMETRO: 5 8"", MATERIAL: ACERO, NORMAS Y ESTANDARES: A-194-2H, INFORMACION ADICIONAL: GRADO: 5, SERIES HIL O UNC, TRATAMIENTOSUPERFICIAL CORRIENTE, CLASE HILO CORRIENTE, DIRECCION HILO DERECHO, ALTURA TUERCA 13MM, ALTA RESISTENCIA",cant find the part number
PASADOR P/CONCAVAS AC ESTRUC 100X30mm PASADOR; MATERIAL: ACERO ESTRUCTURAL; LONGITUD: 100mm; DIAMETRO: 30mm;USO DESIGNADO: CHANCADOR PRIMARIO; ESTANDARES Y ESPECIFICACIONES: SAE1020 O 1045; CARACTERISTICAS ADICIONALES: PARA CONCAVAS; MARCASSUGERIDAS: SIEMENS 2411-O-08-11620,2411-O-08-11620
"ENGOMADO TELA LASTA PLNBU20111803R0 ENGOMADO DE TELA PLACA TERMINAL EIMCO, PLANO BU20-11-1804-R0, ANILLO DE G DE 80 SHORT, CAUCHO NATURAL, VULCANIZADO SOBRE TELA, SE AP ORTA LA TELA PARA REALIZAR EL ENGOMADO",PLNBU20111803R0
"TIRA GUALDERA 10""X1/2""X17M CAUCHOVAL TIRA GUALDERA, A NCHO: 10"", ESPESOR: 1 2"", LONGITUD: 17M, MATERIAL: GOMA, DUREZA: 50 + - 5 SHORE ""A"" DUREZA, CAUCHOVAL",cant find the part number
"CINTA EP800/3 48""X32M 9X4MM CINTA TRANSPORTADORA, TIPO: EP800, ANCHO: 48"", ESPESOR CUBIERTAS: 9X4MM, NUMERO TELAS: 3, MATERIAL (TIPO) CARCASA: TELA POLIESTER NY LON, TIPO CANTOS: CEMENTADOS, GRADO CUBIERTAS: RMA-1, FORMATO SUMINISTRO: 32M. DOCUMENTOS QUE DEBE ENTREGAR PROVEEDOR: DISEÑO EMPALM E, DATA SHEET FABRICACION C CERTIFICADO LABORATORIO P CADA ROLLO",EP800/3
"TEST CUBETA NITRATOS 202-110,7mg/L 25UN TEST EN CUBETA; TIPO: NITRATOS; CARACTERISTICAS ADICIONALES: METODOFOTOMETRICO 0,5-25mg L, NITRATO 202-110,7mg L, 25 UNIDADES, PRODUCTO ESUNA MEZCLA; MARCAS SUGERIDAS: MERCK",202-110
"EMPAQUETADURA 2X1/8"" SC1600 EMPAQUETADURA, DIAMETRO NOMINAL: 2"", ESPESOR: 1 8"", NORMAS Y ESTANDARES: ANSI B16.5, CARACTERISTICAS GENERALES: CLASE 150, TIPO RF,MODELO SC-1600",SC-1600
"EMPAQUETADURA 8X1/8"" SC1600 EMPAQUETADURA, DIAMETRO NOMINAL: 2"", ESPESOR: 1 8"", NORMAS Y ESTANDARES: ANSI B16.5, CARACTERISTICAS GENERALES: CLASE 150, TIPO RF,MODELO SC-1600",SC-1600
SOLUCION AMINO ACIDO HACH 2386442 SOLUCION AMINOACIDO; MODIFICADOR: REACTIVO; NOMBRE FABRICANTE: HACH; NUMERO DE PARTE: 2386442; EQUIPO DEL QUE ES PARTE: PLANTA DE AG UA,2386442
SOLUCION ACIDO HACH 2254232 SOLUCION ACIDO; MODIFICADOR: CITRICO REACTIVO; NOMBRE FABRICANTE: HACH; NUMERO DE PARTE: 2254232; EQUIPO DEL QUE ES PARTE: PLANTA DE AGUA; CARACTERISTICAS ADICIONALES: LIQUIDO,2254232
"MOLIBDATO III REACTIVO HACH 41019956 MOLIBDATO; MODIFICADOR: III REACTIVO; NOMBRE FABRICANTE: HACH; NUMERO DEPARTE: 41-019956; EQUIPO DEL QUE ES PARTE: PLANTA AGUA; CARACTERISTICASADICIONALES: PARA SILICE, REACTIVO RANGO BAJO Y ULTRA BAJO, LIQUIDO,MODELO 199532-LM",41-019956
Luminaria Solar Atlas Copco Hilight S2+ Equipo: Luminaria Solar Marca: Atlas Copco Modelo: Hilight S2+ Ver documento adjunto,cant find the part number
"ELEMENT,FLEX,CAT 4796090 ELEMENT,FLEX,CAT 4796090",The part number in the given text is: 4796090
"Application specific circuit assemblies (FUSE,1A,250V AC,TIME DELAY,GLASS BODY,5M) BK/GDC-1A Technical Specification -Package data Pack/100 Special features Series GDC Terminal data Nickel-plated brs end cap term Overall length 20mm lg Diameter 5mm dia Body material Glass body Fuse cartridge type Time delay Rated voltage 250V AC Current rating 1A Short Name Fuse Fuse link,Cartridge ",BK/GDC-1A
"CONTACTOR,24V DC,SIEMENS 3RT20361KB44 10416136 CONTACTOR,24V DC,SIEMENS 3RT20361KB44 Descripción larga Contactor Modifier 1: 24V DC Additional modifiers: 22kW Additional modifiers: 2 n/o,2 n/c Additional modifiers: 3 polos Additional modifiers: 50A Fabricante: SIEMENS GMBH,W.GERMANY SIEMENS GMBH,W.GERMANY Número de pieza: 3RT1036-1BB44 SUPERSEDED 3RT2036-1KB44 Por favor, indicar expresamente y dentro de su cotización la marca y número de parte cotizado por usted. Indicar también el plazo de entrega en días o semanas. Además subir junto a su cotización la ficha técnica del fabricante e imágenes de apoyo.",3RT20361KB44
"ANILLO SELLO THYSSENKRUPP 4207061 ANILLO SELLO INFERIOR, REFERENCIA THYSSENKRUPP 4207061 USO O APLICACION: CHANCADOR DACITA KB 54X75",4207061
"Completion hydraulic pumps (BBA,ROT:ENG,12 CM CÚBICOS/REV CAP,25 BAR) BOMBA,ROTATIVA: TIPO:ENGRANAJE CAPACIDAD:12 CM CÚBICOS/REV PRESIÓN DE TRABAJO:25 BAR MATERIAL DE LA CARCASA:FUNDICIÓN DE HIERRO GRIS MATERIAL INTERNO:ACERO ACCIONAMIENTO:MOTOR ELÉCTRICO TAMAÑO DEL PUERTO:3/4"" VELOCIDAD:3000RPM TEXTO (TEXT):ATRIBUTO: FLUJO CW FLANCHE DIN ISO 3019, DIA EJE 14MM CONCHAVETA DE 5MM FABRICANTE (MANUFACTURER): KRACHT:KF12RF1 ",KF12RF1
"FILTRO BOMBA MANDO (19) THYSSEN 4206948 FILTRO (FILTER), THYSSEN KRUPP 4206948, USO: ALIMENTADOR PLACAS 240-AP-01, CHANCADOR PIPA NORTE DIABLO REGIMIENTO",4206948
"EXTRACTOR DE AIRE||AIROLITE 12"" DIAM| EXTRACTOR AIRE (EXHAUST FAN), 12 PULGADAS DIA., 1460 RPM, 220 VOLTS, 50 HZ, TIPO BEL AIR O SIMILAR, AIROLITE 30AUF",30AUF
"Level sensors or transmitters (TRANSMSR DENSIDAD BERTHOLD LB 474-02-M) TRANSMISOR TIPO:DENSIDAD RANGO:***** SALIDAS:4-2MA POTENCIA DE SUMINISTRO:100-240V TAMAÑO/CONEXIÓN:A 110MM X H 130MM X L 170MM MATERIAL:ALUMINIO ATRIBUTO:CARCASA DE PARED PARA 2X LB 47X MASTER (110-240 VAC) , INCLUYE PLACA CIEGA USO: MEDIDOR CONSISTENCIA BERTHOLD LB5441-02 40/35. FABRICANTE:BERTHOLD PARTE:LB 474-02-M FABRICANTE:BERTHOLD PARTE:LB444-01 FABRICANTE:BERTHOLD PARTE:40444-01 ",LB 474-02-M
"Personal computers (TECLD UNIVERSAL WEYTEC 22022B_US_BK) TECLADO TIPO:UNIVERSAL LLAVES:***** CONECTOR:***** ATRIBUTO:TECLADO INCRUSTADO,TECLAS NEGRAS. USO:PROCESO, WEY SMART TOUCH, SB116A. FABRICANTE:WEYTEC PARTE:22022B_US_BK ",22022B_US_BK
"Industrial parts or accessories (ACOPLAD,P/MANG:HEMBRA,3/4"",NPT,ACERO AL) ACOPLADOR,PARA MANGUERA: TIPO: HEMBRA TAMAÑO:D 3/4"" PRESIÓN DE TRABAJO: ***** CONEXIÓN: NPT MATERIAL: ACERO AL CARBONO FABRICANTE (MANUFACTURER): OILON ENERGY:6-HP31-236 ",6-HP31-236
"CARCASA OBTURACION THYSSENKRUPP 2219366 CARCASA OBTURACION, TIPO: CILINDRICO, DIMENSIONES: M30X100, NOMBRE FABRICANTE: THYSSENKRUPP, NUMERO PARTE: 2219366, EQUIPO AL CUAL P ERTENECE: CHANCADOR KB 54X75 DACITA 21009",2219366
"Fans (EJE:VENTILADOR CENTRÍFUGO,D 35MM) EJE: TIPO:VENTILADOR CENTRIFUGO TAMAÑO:35MM MATERIAL: ***** TEXTO (TEXT):USE : CENTRIFUGAL FAN MOUVI OY HAP-20 FABRICANTE (MANUFACTURER): MOUVI OY:50119873/ ITEM 7 MOUVI OY:HAP-20 ",HAP-20
"Smoke detectors (DETEC,D/PROT CONT INCEN:LLAMAS POR INFRA) DETECTOR,DE PROTECCIÓN CONTRA INCENDIOS: TIPO:LLAMAS POR INFRARROJOS RANGO DE TEMPERATURA:-67/167°F TENSIÓN:24VCC CORRIENTE:90-160M FABRICANTE (MANUFACTURER): SPECTREX-INC:40/40I ",40/40I
"Digital analyzer controllers (CONTRLD ACTUADOR 3HP, 50HZ 380V) CONTROLADOR TIPO:ACTUADOR RANGO:3HP, 50HZ ALIMENTACIÓN:380V 3FASE 50HZ ATRIBUTO:COMUNICACION PROFIBUS. USO: ACTUADOR AUMA SA 14.1. FABRICANTE:AUMA MODELO:AC 01.2 FABRICANTE:AUMA PARTE:13182754 ",13182754
"Digital analyzer controllers (CONTRLD ACTUADOR 3HP, 50HZ 380V) CONTROLADOR TIPO:ACTUADOR RANGO:3HP, 50HZ ALIMENTACIÓN:380V 3FASE 50HZ ATRIBUTO:COMUNICACION PROFIBUS. USO: ACTUADOR AUMA SA 14.1. FABRICANTE:AUMA MODELO:AC 01.2 FABRICANTE:AUMA PARTE:13182754 ",13182754
"Industrial garnets (VÁLV,D/RETEN:3/8"",BSP,350 BAR,110MM,AC.Z) VÁLVULA,DE RETENCIÓN: TIPO:***** DIÁMETRO DE LA VÁLVULA:3/8"" CONEXIÓN:BSP PRESIÓN DE TRABAJO:350 BAR AVANCE:110MM MATERIAL DEL CUERPO:ACERO ZINCADO MATERIALES INTERNOS:TRIM DE ACERO DEL CINC MATERIALES BLANDOS:NBR (ACRILONITRILO BUTADIENO) PASO:REDUCIDO BONETE:***** CONFIGURACIÓN:1-VÍA TEMPERATURA DE TRABAJO:-30 A 80 GRADOS C TEXTO (TEXT):USO: CILINDRO HIDRAULICO CAJAS LEVANTE SECADORA. FABRICANTE (MANUFACTURER): MONSUN TISON:VBS10R MONSUN TISON:VBS ",VBS10R
"Application specific circuit assemblies (TERMINAL BLOCK,2 WAY,24A,800V,4MM2,DIN R) 2002-1201 Technical Specification -Special features Clamp connection Block mounting data DIN rail Conductor data 4mm2 Voltage rating 800V Current rating 24A Block type 2 way Short Name Terminal block Terminal Block ",2002-1201
"Gearmotors (CAJA REDT BRIDA 50:1 MORSE 325Q56L50) CAJA REDUCTORA TIPO:ENGRANAJE TORNILLO SIN FIN ESTILO:BRIDA RELACIÓN DE TRANSMISIÓN:50:1 VELOCIDAD:1750 RPM POTENCIA:2,462HP MONTAJE:CARA C MATERIAL:HIERRO FUNDIDO CONEXIÓN:5/8"" D EJE FABRICANTE:MORSE PARTE:325Q56L50 ",325Q56L50
"MOTOR KIT,AIR,NDP-40VS,YAMA K45AM Junta tórica Modifier 1 Exterior Additional modifiers Válvula asiento Additional modifiers 40 PTFE Drawing Number MFR 40 Parent Equipment YAMADA NDP-40BVS-XP PUMP",K45AM
"PUMP,DIAPH,1-1/2IN,YAMA NDP40BVSXP Junta tórica Modifier 1 Exterior Additional modifiers Válvula asiento Additional modifiers 40 PTFE Drawing Number MFR 40 Parent Equipment YAMADA NDP-40BVS-XP PUMP",NDP40BVSXP
"AIRCON,SPLIT WALL,18000BTU/HR,768M3/HR M ACONDICIONADOR DE AIRE,SPLIT WALL,18000B Número de pieza: CST-18CST 11234534 AIRCON,SPLIT WALL,18000BTU/HR,768M3/HR M ACONDICIONADOR DE AIRE,SPLIT WALL,18000B Acondicionador de aire Short Name: Acondicionador De Aire Tipo De Acondicionador Aire: Split wall Capacidad Acondicionador Aire: 18000btu/hr Flujo De Aire Máximo: 768m3/hr max Voltage rating: 220V Frecuencia: 50Hz Número De Fases: 1 ph Altura: 302mm h Largo: 975mm lg Width: 213mm w Fabricante: CLARK Número de pieza: CST-18CST Estimado Proveedor/a, no olvide indicar siempre Marca y NP cotizados por usted, además de subir Ficha técnica o imagen y descripción que respalden su cotización. Indicar si es el material original exacto a lo que se está solicitando, o bien, si es una marca alternativa a lo solicitado. Plazo de entrega indicado debe ser en cantidad de días o semanas. Muchas gracias!",CST-18CST
"RUBBER,MAGIC,NABUSPA NBSMR192 https://www.raytech.it/es/producto/baja-tension/rellenos/gomas/magic-rubber Goma bicomponente de reticulación rápida. Goma bicomponente líquida aislante, extremadamente conformante y envolvente, flexible, elástica y reaccesible. En pocos minutos se transforma en una goma de muy elevadas características dieléctricas, térmicas, mecánicas y elásticas.",NBSMR192
"SPIDER ASSY,METSAUST 17502074501 PRESSURISER,KOMATSU R110206F2 PANEL,DIVERTER CTRL,P&H 79E5578F1 MODULE,P&H R54799D18 STARTER,REVERSING,KOMATSU R47370D8 BATTERY,UNIT,P&H R54872D70 BOLT,U,KOMATSU 20Q3D35 NUT,KOMATSU TG3941 CABINET,P&H R42936F2 CABINET,P&H R42936F2 BOLT,HEX,METSAUST 00615142675 GASKET,PINION,FLSMIDTH XL17200281003 SPIDER ASSY,METSAUST 17502074501 KEY,BUSH,METSAUST 12100 BOLT,METSMINE 00920101072 GASKET,BOLIDEN 59354636000 STUD,METSMINE 59454637000",17502074501
"KEY,BUSH,METSAUST 12100 PRESSURISER,KOMATSU R110206F2 PANEL,DIVERTER CTRL,P&H 79E5578F1 MODULE,P&H R54799D18 STARTER,REVERSING,KOMATSU R47370D8 BATTERY,UNIT,P&H R54872D70 BOLT,U,KOMATSU 20Q3D35 NUT,KOMATSU TG3941 CABINET,P&H R42936F2 CABINET,P&H R42936F2 BOLT,HEX,METSAUST 00615142675 GASKET,PINION,FLSMIDTH XL17200281003 SPIDER ASSY,METSAUST 17502074501 KEY,BUSH,METSAUST 12100 BOLT,METSMINE 00920101072 GASKET,BOLIDEN 59354636000 STUD,METSMINE 59454637000",XL17200281003
"GASKET,BOLIDEN 59354636000 PRESSURISER,KOMATSU R110206F2 PANEL,DIVERTER CTRL,P&H 79E5578F1 MODULE,P&H R54799D18 STARTER,REVERSING,KOMATSU R47370D8 BATTERY,UNIT,P&H R54872D70 BOLT,U,KOMATSU 20Q3D35 NUT,KOMATSU TG3941 CABINET,P&H R42936F2 CABINET,P&H R42936F2 BOLT,HEX,METSAUST 00615142675 GASKET,PINION,FLSMIDTH XL17200281003 SPIDER ASSY,METSAUST 17502074501 KEY,BUSH,METSAUST 12100 BOLT,METSMINE 00920101072 GASKET,BOLIDEN 59354636000 STUD,METSMINE 59454637000",XL17200281003
"CHAQUETA,UTILIDAD,PESADO,XL,88% ALGODON, 11454194 CHAQUETA,UTILIDAD,PESADO,XL,88% ALGODON, Numero de parte: CLC4-XL-U Chaqueta,Utilidad Short Name Chaqueta,Utilidad Estilo De La Chaqueta Pesado Talla De La Chaqueta XL Material De La Chaqueta 88% algodon,12% nailon JACKET COLOUR Azul marino Datos Cuello De La Chaqueta Cuello levantado Características Especiales ATPV 40cal/cm2 11454150 CAP,KNIT,DOBLE CAPA,TEJIDO MODACRÍLICO Numero de parte: HMC2-TU-U Cap,Knit Short Name Cap,Knit Garment Design Style Doble capa Material De La Vestimenta Tejido modacrílico Garment colour Negro Características Especiales E BT 28 cal/cm2 11451736 PARKA,TÉRMICA,MACHO,XL,AZUL MARINO,WEST Numero de parte: JLP8-XL-H Parka,Clima frío Short Name Parka,Térmica Diseño Ó Tipo De La Chaqueta Macho Talla De La Chaqueta XL JACKET COLOUR Azul marino Material De La Chaqueta Westex Ultrasoft Datos Manga De La Chaqueta Manga larga Datos Bolsillo De La Chaqueta 3 Peso Material De La Chaqueta 1.8kg Material Aislante De Chaqueta 100% modacrylic Temp O Aislación De Chaqueta ATPV 34 cal/cm2 Datos Logotipo De La Chaqueta Logotipo de SPENCE I BHP 11451745 SUÉTER,HOODIE,M,AZUL MARINO,FLEECE,LOGO Numero de parte: SMM4-M-H Suéter Short Name Suéter Estilo De La Vestimenta Hoodie Tamaño Prenda M Garment colour Azul marino Material De La Vestimenta Fleece Datos Logotipo Vestimenta Logotipo de SPENCE I BHP Largo Manga De La Vestimenta Largo Pocket data 3 pocket Características Especiales ATPV 27 cal/cm2 11451552 SUÉTER,HOODIE,XL,AZUL MARINO,FLEECE,LOG Numero de parte: SMM4-XL-H Suéter Short Name Suéter Estilo De La Vestimenta Hoodie Tamaño Prenda XL Garment colour Azul marino Material De La Vestimenta Fleece Datos Logotipo Vestimenta Logotipo de SPENCE I BHP Largo Manga De La Vestimenta Largo Pocket data 3 pocket Características Especiales ATPV 27 cal/cm2 11452092 POLERA,POLERA,MANGA LARGA,VARÓN,XL,MODA Numero de parte: SMP2-XL-H Polera Short Name Polera Estilo De La Vestimenta Polera,Manga larga,Varón Tamaño Prenda XL Material De La Vestimenta Modacrílico Garment colour Azul marino Datos Logotipo Vestimenta Logotipo de SPENCE I BHP Peso De Tela De La Vestimenta 0.4kg Datos Bolsillos De Vestimenta Sin bolsillo Características Especiales Rating EBT 8.2 cal/cm2 11451642 CAMISAS,HOMBRES,XL,CAQUI,MODACRÍLICO,PR Numero de parte: SMU2-XL-H Blusa,Hombres Short Name Camisas,Hombres Tamaño Prenda XL Garment colour Caqui Garment fibre material Modacrílico Diseño Tela De Vestimenta Prot arco elec,Electroestática Método Cerrado De Vestimenta Boton frontal Datos Logotipo Vestimenta Logotipo de SPENCE I BHP Peso De Tela De La Vestimenta 0.5kg Protección Ambiente Vestimenta ATPV 9 cal/cm2 Datos Bolsillos De Vestimenta 2 bolsillos de segur en pecho","CLC4-XL-U, HMC2-TU-U, JLP8-XL-H, SMM4-M-H, SMM4-XL-H, SMP2-XL-H, SMU2-XL-H"
"CAP,KNIT,DOBLE CAPA,TEJIDO MODACRÍLICO 11454194 CHAQUETA,UTILIDAD,PESADO,XL,88% ALGODON, Numero de parte: CLC4-XL-U Chaqueta,Utilidad Short Name Chaqueta,Utilidad Estilo De La Chaqueta Pesado Talla De La Chaqueta XL Material De La Chaqueta 88% algodon,12% nailon JACKET COLOUR Azul marino Datos Cuello De La Chaqueta Cuello levantado Características Especiales ATPV 40cal/cm2 11454150 CAP,KNIT,DOBLE CAPA,TEJIDO MODACRÍLICO Numero de parte: HMC2-TU-U Cap,Knit Short Name Cap,Knit Garment Design Style Doble capa Material De La Vestimenta Tejido modacrílico Garment colour Negro Características Especiales E BT 28 cal/cm2 11451736 PARKA,TÉRMICA,MACHO,XL,AZUL MARINO,WEST Numero de parte: JLP8-XL-H Parka,Clima frío Short Name Parka,Térmica Diseño Ó Tipo De La Chaqueta Macho Talla De La Chaqueta XL JACKET COLOUR Azul marino Material De La Chaqueta Westex Ultrasoft Datos Manga De La Chaqueta Manga larga Datos Bolsillo De La Chaqueta 3 Peso Material De La Chaqueta 1.8kg Material Aislante De Chaqueta 100% modacrylic Temp O Aislación De Chaqueta ATPV 34 cal/cm2 Datos Logotipo De La Chaqueta Logotipo de SPENCE I BHP 11451745 SUÉTER,HOODIE,M,AZUL MARINO,FLEECE,LOGO Numero de parte: SMM4-M-H Suéter Short Name Suéter Estilo De La Vestimenta Hoodie Tamaño Prenda M Garment colour Azul marino Material De La Vestimenta Fleece Datos Logotipo Vestimenta Logotipo de SPENCE I BHP Largo Manga De La Vestimenta Largo Pocket data 3 pocket Características Especiales ATPV 27 cal/cm2 11451552 SUÉTER,HOODIE,XL,AZUL MARINO,FLEECE,LOG Numero de parte: SMM4-XL-H Suéter Short Name Suéter Estilo De La Vestimenta Hoodie Tamaño Prenda XL Garment colour Azul marino Material De La Vestimenta Fleece Datos Logotipo Vestimenta Logotipo de SPENCE I BHP Largo Manga De La Vestimenta Largo Pocket data 3 pocket Características Especiales ATPV 27 cal/cm2 11452092 POLERA,POLERA,MANGA LARGA,VARÓN,XL,MODA Numero de parte: SMP2-XL-H Polera Short Name Polera Estilo De La Vestimenta Polera,Manga larga,Varón Tamaño Prenda XL Material De La Vestimenta Modacrílico Garment colour Azul marino Datos Logotipo Vestimenta Logotipo de SPENCE I BHP Peso De Tela De La Vestimenta 0.4kg Datos Bolsillos De Vestimenta Sin bolsillo Características Especiales Rating EBT 8.2 cal/cm2 11451642 CAMISAS,HOMBRES,XL,CAQUI,MODACRÍLICO,PR Numero de parte: SMU2-XL-H Blusa,Hombres Short Name Camisas,Hombres Tamaño Prenda XL Garment colour Caqui Garment fibre material Modacrílico Diseño Tela De Vestimenta Prot arco elec,Electroestática Método Cerrado De Vestimenta Boton frontal Datos Logotipo Vestimenta Logotipo de SPENCE I BHP Peso De Tela De La Vestimenta 0.5kg Protección Ambiente Vestimenta ATPV 9 cal/cm2 Datos Bolsillos De Vestimenta 2 bolsillos de segur en pecho","CLC4-XL-U, HMC2-TU-U, JLP8-XL-H, SMM4-M-H, SMM4-XL-H, SMP2-XL-H, SMU2-XL-H"
"PARKA,TÉRMICA,MACHO,XL,AZUL MARINO,WEST 11454194 CHAQUETA,UTILIDAD,PESADO,XL,88% ALGODON, Numero de parte: CLC4-XL-U Chaqueta,Utilidad Short Name Chaqueta,Utilidad Estilo De La Chaqueta Pesado Talla De La Chaqueta XL Material De La Chaqueta 88% algodon,12% nailon JACKET COLOUR Azul marino Datos Cuello De La Chaqueta Cuello levantado Características Especiales ATPV 40cal/cm2 11454150 CAP,KNIT,DOBLE CAPA,TEJIDO MODACRÍLICO Numero de parte: HMC2-TU-U Cap,Knit Short Name Cap,Knit Garment Design Style Doble capa Material De La Vestimenta Tejido modacrílico Garment colour Negro Características Especiales E BT 28 cal/cm2 11451736 PARKA,TÉRMICA,MACHO,XL,AZUL MARINO,WEST Numero de parte: JLP8-XL-H Parka,Clima frío Short Name Parka,Térmica Diseño Ó Tipo De La Chaqueta Macho Talla De La Chaqueta XL JACKET COLOUR Azul marino Material De La Chaqueta Westex Ultrasoft Datos Manga De La Chaqueta Manga larga Datos Bolsillo De La Chaqueta 3 Peso Material De La Chaqueta 1.8kg Material Aislante De Chaqueta 100% modacrylic Temp O Aislación De Chaqueta ATPV 34 cal/cm2 Datos Logotipo De La Chaqueta Logotipo de SPENCE I BHP 11451745 SUÉTER,HOODIE,M,AZUL MARINO,FLEECE,LOGO Numero de parte: SMM4-M-H Suéter Short Name Suéter Estilo De La Vestimenta Hoodie Tamaño Prenda M Garment colour Azul marino Material De La Vestimenta Fleece Datos Logotipo Vestimenta Logotipo de SPENCE I BHP Largo Manga De La Vestimenta Largo Pocket data 3 pocket Características Especiales ATPV 27 cal/cm2 11451552 SUÉTER,HOODIE,XL,AZUL MARINO,FLEECE,LOG Numero de parte: SMM4-XL-H Suéter Short Name Suéter Estilo De La Vestimenta Hoodie Tamaño Prenda XL Garment colour Azul marino Material De La Vestimenta Fleece Datos Logotipo Vestimenta Logotipo de SPENCE I BHP Largo Manga De La Vestimenta Largo Pocket data 3 pocket Características Especiales ATPV 27 cal/cm2 11452092 POLERA,POLERA,MANGA LARGA,VARÓN,XL,MODA Numero de parte: SMP2-XL-H Polera Short Name Polera Estilo De La Vestimenta Polera,Manga larga,Varón Tamaño Prenda XL Material De La Vestimenta Modacrílico Garment colour Azul marino Datos Logotipo Vestimenta Logotipo de SPENCE I BHP Peso De Tela De La Vestimenta 0.4kg Datos Bolsillos De Vestimenta Sin bolsillo Características Especiales Rating EBT 8.2 cal/cm2 11451642 CAMISAS,HOMBRES,XL,CAQUI,MODACRÍLICO,PR Numero de parte: SMU2-XL-H Blusa,Hombres Short Name Camisas,Hombres Tamaño Prenda XL Garment colour Caqui Garment fibre material Modacrílico Diseño Tela De Vestimenta Prot arco elec,Electroestática Método Cerrado De Vestimenta Boton frontal Datos Logotipo Vestimenta Logotipo de SPENCE I BHP Peso De Tela De La Vestimenta 0.5kg Protección Ambiente Vestimenta ATPV 9 cal/cm2 Datos Bolsillos De Vestimenta 2 bolsillos de segur en pecho","CLC4-XL-U, HMC2-TU-U, JLP8-XL-H, SMM4-M-H, SMM4-XL-H, SMP2-XL-H, SMU2-XL-H"
"SUÉTER,HOODIE,M,AZUL MARINO,FLEECE,LOGO 11454194 CHAQUETA,UTILIDAD,PESADO,XL,88% ALGODON, Numero de parte: CLC4-XL-U Chaqueta,Utilidad Short Name Chaqueta,Utilidad Estilo De La Chaqueta Pesado Talla De La Chaqueta XL Material De La Chaqueta 88% algodon,12% nailon JACKET COLOUR Azul marino Datos Cuello De La Chaqueta Cuello levantado Características Especiales ATPV 40cal/cm2 11454150 CAP,KNIT,DOBLE CAPA,TEJIDO MODACRÍLICO Numero de parte: HMC2-TU-U Cap,Knit Short Name Cap,Knit Garment Design Style Doble capa Material De La Vestimenta Tejido modacrílico Garment colour Negro Características Especiales E BT 28 cal/cm2 11451736 PARKA,TÉRMICA,MACHO,XL,AZUL MARINO,WEST Numero de parte: JLP8-XL-H Parka,Clima frío Short Name Parka,Térmica Diseño Ó Tipo De La Chaqueta Macho Talla De La Chaqueta XL JACKET COLOUR Azul marino Material De La Chaqueta Westex Ultrasoft Datos Manga De La Chaqueta Manga larga Datos Bolsillo De La Chaqueta 3 Peso Material De La Chaqueta 1.8kg Material Aislante De Chaqueta 100% modacrylic Temp O Aislación De Chaqueta ATPV 34 cal/cm2 Datos Logotipo De La Chaqueta Logotipo de SPENCE I BHP 11451745 SUÉTER,HOODIE,M,AZUL MARINO,FLEECE,LOGO Numero de parte: SMM4-M-H Suéter Short Name Suéter Estilo De La Vestimenta Hoodie Tamaño Prenda M Garment colour Azul marino Material De La Vestimenta Fleece Datos Logotipo Vestimenta Logotipo de SPENCE I BHP Largo Manga De La Vestimenta Largo Pocket data 3 pocket Características Especiales ATPV 27 cal/cm2 11451552 SUÉTER,HOODIE,XL,AZUL MARINO,FLEECE,LOG Numero de parte: SMM4-XL-H Suéter Short Name Suéter Estilo De La Vestimenta Hoodie Tamaño Prenda XL Garment colour Azul marino Material De La Vestimenta Fleece Datos Logotipo Vestimenta Logotipo de SPENCE I BHP Largo Manga De La Vestimenta Largo Pocket data 3 pocket Características Especiales ATPV 27 cal/cm2 11452092 POLERA,POLERA,MANGA LARGA,VARÓN,XL,MODA Numero de parte: SMP2-XL-H Polera Short Name Polera Estilo De La Vestimenta Polera,Manga larga,Varón Tamaño Prenda XL Material De La Vestimenta Modacrílico Garment colour Azul marino Datos Logotipo Vestimenta Logotipo de SPENCE I BHP Peso De Tela De La Vestimenta 0.4kg Datos Bolsillos De Vestimenta Sin bolsillo Características Especiales Rating EBT 8.2 cal/cm2 11451642 CAMISAS,HOMBRES,XL,CAQUI,MODACRÍLICO,PR Numero de parte: SMU2-XL-H Blusa,Hombres Short Name Camisas,Hombres Tamaño Prenda XL Garment colour Caqui Garment fibre material Modacrílico Diseño Tela De Vestimenta Prot arco elec,Electroestática Método Cerrado De Vestimenta Boton frontal Datos Logotipo Vestimenta Logotipo de SPENCE I BHP Peso De Tela De La Vestimenta 0.5kg Protección Ambiente Vestimenta ATPV 9 cal/cm2 Datos Bolsillos De Vestimenta 2 bolsillos de segur en pecho","CLC4-XL-U, HMC2-TU-U, JLP8-XL-H, SMM4-M-H, SMM4-XL-H, SMP2-XL-H, SMU2-XL-H"
"SUÉTER,HOODIE,XL,AZUL MARINO,FLEECE,LOG 11454194 CHAQUETA,UTILIDAD,PESADO,XL,88% ALGODON, Numero de parte: CLC4-XL-U Chaqueta,Utilidad Short Name Chaqueta,Utilidad Estilo De La Chaqueta Pesado Talla De La Chaqueta XL Material De La Chaqueta 88% algodon,12% nailon JACKET COLOUR Azul marino Datos Cuello De La Chaqueta Cuello levantado Características Especiales ATPV 40cal/cm2 11454150 CAP,KNIT,DOBLE CAPA,TEJIDO MODACRÍLICO Numero de parte: HMC2-TU-U Cap,Knit Short Name Cap,Knit Garment Design Style Doble capa Material De La Vestimenta Tejido modacrílico Garment colour Negro Características Especiales E BT 28 cal/cm2 11451736 PARKA,TÉRMICA,MACHO,XL,AZUL MARINO,WEST Numero de parte: JLP8-XL-H Parka,Clima frío Short Name Parka,Térmica Diseño Ó Tipo De La Chaqueta Macho Talla De La Chaqueta XL JACKET COLOUR Azul marino Material De La Chaqueta Westex Ultrasoft Datos Manga De La Chaqueta Manga larga Datos Bolsillo De La Chaqueta 3 Peso Material De La Chaqueta 1.8kg Material Aislante De Chaqueta 100% modacrylic Temp O Aislación De Chaqueta ATPV 34 cal/cm2 Datos Logotipo De La Chaqueta Logotipo de SPENCE I BHP 11451745 SUÉTER,HOODIE,M,AZUL MARINO,FLEECE,LOGO Numero de parte: SMM4-M-H Suéter Short Name Suéter Estilo De La Vestimenta Hoodie Tamaño Prenda M Garment colour Azul marino Material De La Vestimenta Fleece Datos Logotipo Vestimenta Logotipo de SPENCE I BHP Largo Manga De La Vestimenta Largo Pocket data 3 pocket Características Especiales ATPV 27 cal/cm2 11451552 SUÉTER,HOODIE,XL,AZUL MARINO,FLEECE,LOG Numero de parte: SMM4-XL-H Suéter Short Name Suéter Estilo De La Vestimenta Hoodie Tamaño Prenda XL Garment colour Azul marino Material De La Vestimenta Fleece Datos Logotipo Vestimenta Logotipo de SPENCE I BHP Largo Manga De La Vestimenta Largo Pocket data 3 pocket Características Especiales ATPV 27 cal/cm2 11452092 POLERA,POLERA,MANGA LARGA,VARÓN,XL,MODA Numero de parte: SMP2-XL-H Polera Short Name Polera Estilo De La Vestimenta Polera,Manga larga,Varón Tamaño Prenda XL Material De La Vestimenta Modacrílico Garment colour Azul marino Datos Logotipo Vestimenta Logotipo de SPENCE I BHP Peso De Tela De La Vestimenta 0.4kg Datos Bolsillos De Vestimenta Sin bolsillo Características Especiales Rating EBT 8.2 cal/cm2 11451642 CAMISAS,HOMBRES,XL,CAQUI,MODACRÍLICO,PR Numero de parte: SMU2-XL-H Blusa,Hombres Short Name Camisas,Hombres Tamaño Prenda XL Garment colour Caqui Garment fibre material Modacrílico Diseño Tela De Vestimenta Prot arco elec,Electroestática Método Cerrado De Vestimenta Boton frontal Datos Logotipo Vestimenta Logotipo de SPENCE I BHP Peso De Tela De La Vestimenta 0.5kg Protección Ambiente Vestimenta ATPV 9 cal/cm2 Datos Bolsillos De Vestimenta 2 bolsillos de segur en pecho","CLC4-XL-U, HMC2-TU-U, JLP8-XL-H, SMM4-M-H, SMM4-XL-H, SMP2-XL-H, SMU2-XL-H"
"POLERA,POLERA,MANGA LARGA,VARÓN,XL,MODA 11454194 CHAQUETA,UTILIDAD,PESADO,XL,88% ALGODON, Numero de parte: CLC4-XL-U Chaqueta,Utilidad Short Name Chaqueta,Utilidad Estilo De La Chaqueta Pesado Talla De La Chaqueta XL Material De La Chaqueta 88% algodon,12% nailon JACKET COLOUR Azul marino Datos Cuello De La Chaqueta Cuello levantado Características Especiales ATPV 40cal/cm2 11454150 CAP,KNIT,DOBLE CAPA,TEJIDO MODACRÍLICO Numero de parte: HMC2-TU-U Cap,Knit Short Name Cap,Knit Garment Design Style Doble capa Material De La Vestimenta Tejido modacrílico Garment colour Negro Características Especiales E BT 28 cal/cm2 11451736 PARKA,TÉRMICA,MACHO,XL,AZUL MARINO,WEST Numero de parte: JLP8-XL-H Parka,Clima frío Short Name Parka,Térmica Diseño Ó Tipo De La Chaqueta Macho Talla De La Chaqueta XL JACKET COLOUR Azul marino Material De La Chaqueta Westex Ultrasoft Datos Manga De La Chaqueta Manga larga Datos Bolsillo De La Chaqueta 3 Peso Material De La Chaqueta 1.8kg Material Aislante De Chaqueta 100% modacrylic Temp O Aislación De Chaqueta ATPV 34 cal/cm2 Datos Logotipo De La Chaqueta Logotipo de SPENCE I BHP 11451745 SUÉTER,HOODIE,M,AZUL MARINO,FLEECE,LOGO Numero de parte: SMM4-M-H Suéter Short Name Suéter Estilo De La Vestimenta Hoodie Tamaño Prenda M Garment colour Azul marino Material De La Vestimenta Fleece Datos Logotipo Vestimenta Logotipo de SPENCE I BHP Largo Manga De La Vestimenta Largo Pocket data 3 pocket Características Especiales ATPV 27 cal/cm2 11451552 SUÉTER,HOODIE,XL,AZUL MARINO,FLEECE,LOG Numero de parte: SMM4-XL-H Suéter Short Name Suéter Estilo De La Vestimenta Hoodie Tamaño Prenda XL Garment colour Azul marino Material De La Vestimenta Fleece Datos Logotipo Vestimenta Logotipo de SPENCE I BHP Largo Manga De La Vestimenta Largo Pocket data 3 pocket Características Especiales ATPV 27 cal/cm2 11452092 POLERA,POLERA,MANGA LARGA,VARÓN,XL,MODA Numero de parte: SMP2-XL-H Polera Short Name Polera Estilo De La Vestimenta Polera,Manga larga,Varón Tamaño Prenda XL Material De La Vestimenta Modacrílico Garment colour Azul marino Datos Logotipo Vestimenta Logotipo de SPENCE I BHP Peso De Tela De La Vestimenta 0.4kg Datos Bolsillos De Vestimenta Sin bolsillo Características Especiales Rating EBT 8.2 cal/cm2 11451642 CAMISAS,HOMBRES,XL,CAQUI,MODACRÍLICO,PR Numero de parte: SMU2-XL-H Blusa,Hombres Short Name Camisas,Hombres Tamaño Prenda XL Garment colour Caqui Garment fibre material Modacrílico Diseño Tela De Vestimenta Prot arco elec,Electroestática Método Cerrado De Vestimenta Boton frontal Datos Logotipo Vestimenta Logotipo de SPENCE I BHP Peso De Tela De La Vestimenta 0.5kg Protección Ambiente Vestimenta ATPV 9 cal/cm2 Datos Bolsillos De Vestimenta 2 bolsillos de segur en pecho","CLC4-XL-U, HMC2-TU-U, JLP8-XL-H, SMM4-M-H, SMM4-XL-H, SMP2-XL-H, SMU2-XL-H"
"CAMISAS,HOMBRES,XL,CAQUI,MODACRÍLICO,PR 11454194 CHAQUETA,UTILIDAD,PESADO,XL,88% ALGODON, Numero de parte: CLC4-XL-U Chaqueta,Utilidad Short Name Chaqueta,Utilidad Estilo De La Chaqueta Pesado Talla De La Chaqueta XL Material De La Chaqueta 88% algodon,12% nailon JACKET COLOUR Azul marino Datos Cuello De La Chaqueta Cuello levantado Características Especiales ATPV 40cal/cm2 11454150 CAP,KNIT,DOBLE CAPA,TEJIDO MODACRÍLICO Numero de parte: HMC2-TU-U Cap,Knit Short Name Cap,Knit Garment Design Style Doble capa Material De La Vestimenta Tejido modacrílico Garment colour Negro Características Especiales E BT 28 cal/cm2 11451736 PARKA,TÉRMICA,MACHO,XL,AZUL MARINO,WEST Numero de parte: JLP8-XL-H Parka,Clima frío Short Name Parka,Térmica Diseño Ó Tipo De La Chaqueta Macho Talla De La Chaqueta XL JACKET COLOUR Azul marino Material De La Chaqueta Westex Ultrasoft Datos Manga De La Chaqueta Manga larga Datos Bolsillo De La Chaqueta 3 Peso Material De La Chaqueta 1.8kg Material Aislante De Chaqueta 100% modacrylic Temp O Aislación De Chaqueta ATPV 34 cal/cm2 Datos Logotipo De La Chaqueta Logotipo de SPENCE I BHP 11451745 SUÉTER,HOODIE,M,AZUL MARINO,FLEECE,LOGO Numero de parte: SMM4-M-H Suéter Short Name Suéter Estilo De La Vestimenta Hoodie Tamaño Prenda M Garment colour Azul marino Material De La Vestimenta Fleece Datos Logotipo Vestimenta Logotipo de SPENCE I BHP Largo Manga De La Vestimenta Largo Pocket data 3 pocket Características Especiales ATPV 27 cal/cm2 11451552 SUÉTER,HOODIE,XL,AZUL MARINO,FLEECE,LOG Numero de parte: SMM4-XL-H Suéter Short Name Suéter Estilo De La Vestimenta Hoodie Tamaño Prenda XL Garment colour Azul marino Material De La Vestimenta Fleece Datos Logotipo Vestimenta Logotipo de SPENCE I BHP Largo Manga De La Vestimenta Largo Pocket data 3 pocket Características Especiales ATPV 27 cal/cm2 11452092 POLERA,POLERA,MANGA LARGA,VARÓN,XL,MODA Numero de parte: SMP2-XL-H Polera Short Name Polera Estilo De La Vestimenta Polera,Manga larga,Varón Tamaño Prenda XL Material De La Vestimenta Modacrílico Garment colour Azul marino Datos Logotipo Vestimenta Logotipo de SPENCE I BHP Peso De Tela De La Vestimenta 0.4kg Datos Bolsillos De Vestimenta Sin bolsillo Características Especiales Rating EBT 8.2 cal/cm2 11451642 CAMISAS,HOMBRES,XL,CAQUI,MODACRÍLICO,PR Numero de parte: SMU2-XL-H Blusa,Hombres Short Name Camisas,Hombres Tamaño Prenda XL Garment colour Caqui Garment fibre material Modacrílico Diseño Tela De Vestimenta Prot arco elec,Electroestática Método Cerrado De Vestimenta Boton frontal Datos Logotipo Vestimenta Logotipo de SPENCE I BHP Peso De Tela De La Vestimenta 0.5kg Protección Ambiente Vestimenta ATPV 9 cal/cm2 Datos Bolsillos De Vestimenta 2 bolsillos de segur en pecho","CLC4-XL-U, HMC2-TU-U, JLP8-XL-H, SMM4-M-H, SMM4-XL-H, SMP2-XL-H, SMU2-XL-H"
"FLUXMETER,PORTABLE,DOPPLER EFFECT,4 TO 2 FLUJÓMETRO,PORTABLE,DOPPLER EFFECT,4 TO Número de pieza: 1000-1012 11414728 FLUXMETER,PORTABLE,DOPPLER EFFECT,4 TO 2 FLUJÓMETRO,PORTABLE,DOPPLER EFFECT,4 TO Flujómetro Short Name: Flujómetro Tipo De Medidor: Portable,Doppler effect Datos eléctricos: 4 to 20mA current Dimensiones o tamaño: 15m lg cable Datos de conexión: Usb conn Características Especiales: Sensor PSE4 Características Especiales: IP67 case Fabricante: MICRONICS INC Número de pieza: 1000-1012 Favor indicar mejor plazo de entrega",1000-1012
"MOUSE,OPTICAL,WIRED,BLK,SCROLLING WHEEL Transductor,Electrico(a) Short Name Transductor,Eléc Tipo De Transductor PT100 Función Del Transductor Temp measuring Datos De Entrada 1mA Datos De Salida 4 a 20mA Datos eléctricos 30V AC,1.5kV,50Hz Power rating 12 to 30 V DC Datos de conexión M3 screw Protección Ambiental IP20 Datos De Montaje Transductor Riel din Características Especiales -20 to 65deg C temp Características Especiales 1 output",cant find the part number
"TRANSDUCER,ELEC,PT100,TEMP MEASURING,1MA Transductor,Electrico(a) Short Name Transductor,Eléc Tipo De Transductor PT100 Función Del Transductor Temp measuring Datos De Entrada 1mA Datos De Salida 4 a 20mA Datos eléctricos 30V AC,1.5kV,50Hz Power rating 12 to 30 V DC Datos de conexión M3 screw Protección Ambiental IP20 Datos De Montaje Transductor Riel din Características Especiales -20 to 65deg C temp Características Especiales 1 output",cant find the part number
"CALIBRATOR,V,MC6,DIGITAL DISPLAY,PRESSUR CALIBRADOR,V,MC6,PANTALLA DIGITAL,PRESSU Número de pieza: CBEXMC0601 11409214 CALIBRATOR,V,MC6,DIGITAL DISPLAY,PRESSUR CALIBRADOR,V,MC6,PANTALLA DIGITAL,PRESSU Calibrador,Voltaje Short Name: Calibrador,V Calibrator type: MC6 Datos Del Visor: Pantalla digital Calibrator data: Pressure,Temperature,Signal Marca: BEAMEX Modelo: MC6 Número de pieza: CBEXMC0601",CBEXMC0601
"CAJA TERMINALES,150 X 150 X 100MM,ACERO SODIMAC: 4185463 CAJA TERMINALES,150 X 150 X 100MM,ACERO SODIMAC: 4185463",4185463
"MOTOR,AC,15HP,980RPM,460V,286T FRAME,50H CORRIENTE ALTERNA,MOTOR AC,15HP,980RPM,4 Número de pieza: MEL15HPFRAME286T980RPM460VOLTS50HZ 10488978 MOTOR,AC,15HP,980RPM,460V,286T FRAME,50H CORRIENTE ALTERNA,MOTOR AC,15HP,980RPM,4 Motor Corriente alterna Nombre corto Motor Ac Potencia nominal 15hp Velocidad de rotacion 980rpm Voltaje nominal 460V Numero marco 286t marco Frecuencia 50Hz Fabricante: GENERAL ELECTRIC CO USA Número de pieza: MEL15HPFRAME286T980RPM460VOLTS50HZ",MEL15HPFRAME286T980RPM460VOLTS50HZ
"DISPLAY,LED,24IN,FUJITSU B24W7LED Monitor Modifier 1 LED,24in Additional modifiers: Relación de aspecto 16:10 Additional modifiers Resolución 1920 x 1200 píxeles Additional modifiers Altavoz integrado Additional modifiers Pantallas TCO 6.0,ENERGY STAR Additional modifiers EPEAT oro Additional modifiers Cable de pot estándar de la UE Additional modifiers Con 1 x DVI Additional modifiers Con 1 x D-SUB con cable Additional modifiers Con 1 x Puerto de pantalla Additional modifiers Con 2 x USB 2.0 Drawing Number MFR CP-M0065-F-1-01-20",B24W7LED
"MODULE,TERM BLOCK,DSP,8F,GE UR8FH Numero de Parte: UR-8FH ~ 1866-0004 Manufacturer: GENERAL ELECTRIC CO USA MODULO,BLOQUE TERMINALES,DSP,8F,EQUIPAMIENTO GENERAL ELECTRIC",UR-8FH ~ 1866-0004
"SENSOR,CELESCO PT942006001111130 MANUFACTURER: ELECTRONIC CORP SENSOR,CELESCO PT942006001111130 MANUFACTURER: ELECTRONIC CORP",PT942006001111130
"DISPLAY,MODULE,BENTNEVA 16769902 MONITOR,MODULO,BENTNEVA 16769902 Número de pieza: 167699-02 11102097 DISPLAY,MODULE,BENTNEVA 16769902 MONITOR,MODULO,BENTNEVA 16769902 Monitor Modifier 1: Modulo Fabricante: BENTLY NEVADA Número de pieza: 167699-02 Favor indicar su mejor plazo de entrega. Estimado Proveedor/a, no olvide indicar siempre Marca y NP cotizados por usted, además de subir Ficha técnica o imagen y descripción que respalden su cotización. Indicar si es el material original de la marca y si es exacto a lo que se está solicitando, o bien, si es una marca alternativa. Plazo de entrega indicado debe ser en cantidad de días o semanas. Muchas gracias!",167699-02
"SLEEVE,PROT,KOMATSU EK3964 11316101 SLEEVE,PROT,KOMATSU EK3964 MANGA,PROTECTOR,KOMATSU EK3964 Manga Modifier 1: Protector Fabricante: KOMATSU CORP Número de pieza: EK3964",EK3964
"PUMP,HYD,HYDURA PVG130F1UVLSFYP1NNFNN BOMBA,HIDR,HYDURA PVG130F1UVLSFYP1NNFNN Número de pieza: PVG-130-F1UV-LSFY-P-1NN/FNN 10415903 PUMP,HYD,HYDURA PVG130F1UVLSFYP1NNFNN BOMBA,HIDR,HYDURA PVG130F1UVLSFYP1NNFNN Bomba Modifier 1: Hidráulico Fabricante: THE OILGEAR CO Número de pieza: PVG-130-F1UV-LSFY-P-1NN/FNN",PVG-130-F1UV-LSFY-P-1NN/FNN
"ACTUATOR,PNEU,PISTON TYP,SZ 80,8-1/8IN S ong Description Actuator,Pneumatic Short name : Actuator,Pneu Actuator design type : Piston typ Dimensions or size : Sz 80 Actuator stroke : 8-1/8in stroke Actuator mounting data : 3570-646 series mtg Furnished items : C/W 3570r posnr sF Master Number 679733 Manufacturer FISHER CONTROLS PTY. LTD. FISHER CONTROLS PTY. LTD. Part Number SIZE80/480-16-TYPE 3570-3570 SERIES SIZE80/480-16-TYPE 3570-3570 SERIES UOM EA Short Description ACTUATOR,PNEU,PISTON TYP,SZ 80,8-1/8IN S",SIZE80/480-16-TYPE 3570-3570 SERIES
"RELAY ASSY,SAFETY,24V DC,3 N/O,SPRG LOAD F Master Number 356086 Manufacturer VEGA GRIESHABER GMBH & CO VEGA GRIESHABER GMBH & CO VEGA GRIESHABER GMBH & CO Part Number SN61.XXAGHKMAX VEGASON 61 SN61.XXAGHKMAX VEGASON 61 SN61.XXAGHKMAX UOM EA Short Description TRANSMITTER,LIQUID QTY,ULTRASONIC,PBT PL Long Description Transmitter,Liquid quantity Short name Transmitter,Liquid qty Operation method Ultrasonic Transmitter material PBT plastic Output data 0 to 20mA Measurement range 0.25 to 5m Electrical data 2 wire ver Special features -40 to +80deg C oper temp Special features 2bar max press Special features IP6 6 sF Master Number 2576936 Manufacturer SIEMENS GMBH,W.GERMANY Part Number 3TK2825-2BB40 UOM EA Short Description RELAY ASSY,SAFETY,24V DC,3 N/O,SPRG LOAD Long Description Relay assembly Short Name: Relay assy Relay function: Safety Current rating: 24V DC Contact data: 3 normally open Terminal data: Spring loaded Relay mounting data: Screw and snap-on mounting Special features: C/W relay release circuits Special features: 138.5mm h x 45mm w x 120mm d","SN61.XXAGHKMAX, 3TK2825-2BB40"
"TRANSMITTER,LIQUID QTY,ULTRASONIC,PBT PL F Master Number 356086 Manufacturer VEGA GRIESHABER GMBH & CO VEGA GRIESHABER GMBH & CO VEGA GRIESHABER GMBH & CO Part Number SN61.XXAGHKMAX VEGASON 61 SN61.XXAGHKMAX VEGASON 61 SN61.XXAGHKMAX UOM EA Short Description TRANSMITTER,LIQUID QTY,ULTRASONIC,PBT PL Long Description Transmitter,Liquid quantity Short name Transmitter,Liquid qty Operation method Ultrasonic Transmitter material PBT plastic Output data 0 to 20mA Measurement range 0.25 to 5m Electrical data 2 wire ver Special features -40 to +80deg C oper temp Special features 2bar max press Special features IP6 6 sF Master Number 2576936 Manufacturer SIEMENS GMBH,W.GERMANY Part Number 3TK2825-2BB40 UOM EA Short Description RELAY ASSY,SAFETY,24V DC,3 N/O,SPRG LOAD Long Description Relay assembly Short Name: Relay assy Relay function: Safety Current rating: 24V DC Contact data: 3 normally open Terminal data: Spring loaded Relay mounting data: Screw and snap-on mounting Special features: C/W relay release circuits Special features: 138.5mm h x 45mm w x 120mm d","SN61.XXAGHKMAX, 3TK2825-2BB40"
"MODULE,A/I,PLC,GE IC693ALG220 10374498 MODULE,A/I,PLC,GE IC693ALG220 Descripción larga MODULO,ENTRADA ANALOGA,CONTROLADOR LOGICO PROGRAMABLE Fabricante: GENERAL ELECTRIC CO USA Número de pieza: IC693ALG220 Por favor, indicar expresamente y dentro de su cotización la marca y número de parte cotizado por usted. Indicar también el plazo de entrega en días o semanas. Además subir junto a su cotización la ficha técnica del fabricante e imágenes de apoyo.",IC693ALG220
"PUMP,HYD,HYDURA PVG130F1UVLSFYP1NNFNN 10415903 10415903 PUMP,HYD,HYDURA PVG130F1UVLSFYP1NNFNN Fabricante THE OILGEAR CO THE OILGEAR CO Número de pieza PVG130E1UVLDFY SUPERSEDED PVG-130-F1UV-LSFY-P-1NN/FNN Referencia RFI WI-37153",PVG130F1UVLSFYP1NNFNN
"SENSOR,ZERO SPEED,MILLTRON MFA4PMSP12 Número de pieza: MFA4P / MSP12 10419743 SENSOR,ZERO SPEED,MILLTRON MFA4PMSP12 SENSOR,VEL CERO,MILLTRON MFA4PMSP12 SENSOR,VELOCIDAD CERO,TIPO MFA 4P Fabricante: MILLTRONICS PROCESS INSTRUMENTS,USA Número de pieza: MFA4P / MSP12 Estimado Proveedor/a, no olvide indicar siempre Marca y NP cotizados por usted, además de subir Ficha técnica o imagen y descripción que respalden su cotización. Indicar si es el material original de la marca y si es exacto a lo que se está solicitando, o bien, si es una marca alternativa. Plazo de entrega indicado debe ser en cantidad de días o semanas. Muchas gracias!",MFA4P / MSP12
"UPS,24VDC I/P,10A I/P,24VDC O/P,10A O/P, 10667233 UPS,24VDC I/P,10A I/P,24VDC O/P,10A O/P, Long Description Power supply,Uninterruptable Short name Ups Input voltage 24VDC I/P Input current 10A I/P Output voltage 24VDC O/P Output current 10A O/P Width 100mm w Height 130mm h Depth 125mm d Weight 1.8kg Power supply mounting data DIN rail encl mtg Special features 1.3A/hr BATT Manufacturer: PHOENIX CONTACT P/L ICM GROUP PTY LTD Part Number: 2320225 QUINT-DC-UPS/24DC/10 Short Description UPS,24VDC I/P,10A I/P,24VDC O/P,10A O/P, Por favor, indicar expresamente y dentro de su cotización la marca y número de parte cotizado por usted. Indicar también el plazo de entrega en días o semanas. Además subir junto a su cotización la ficha técnica del fabricante e imágenes de apoyo.",2320225
"PANEL,CTRL,SC200,144 X 144 X 181MM,2 X 4 11219466 PANEL,CTRL,SC200,144 X 144 X 181MM,2 X 4 Descripción larga Panel,Prueba Short Name: Panel,Control Tipo De Panel: SC200 Dimensiones/Tamaño Del Panel: 144 x 144 x 181mm Corriente Nominal: Salida de 2 x 4 a 20mA Voltage rating: 100 a 240V AC Frecuencia Nominal: 50/60Hz Datos De Montaje Del Panel: Montaje en pared/poste/panel Artículos adjuntos: Dos entradas de sensor digital Fabricante: OUTOTEC S.A. CHILE HACH CO,USA Número de pieza: N048547131 LXV404.99.0555 Referencia WI-32860 RFI",N048547131
"PANEL,CTRL,SC200,144 X 144 X 181MM,2 X 4 PANEL,CONTROL,SC200,144 X 144 X 181MM,SA 11219466 PANEL,CTRL,SC200,144 X 144 X 181MM,2 X 4 PANEL,CONTROL,SC200,144 X 144 X 181MM,SA Panel,Prueba Short Name: Panel,Control Tipo De Panel: SC200 Dimensiones/Tamaño Del Panel: 144 x 144 x 181mm Corriente Nominal: Salida de 2 x 4 a 20mA Voltage rating: 100 a 240V AC Frecuencia Nominal: 50/60Hz Datos De Montaje Del Panel: Montaje en pared/poste/panel Artículos adjuntos: Dos entradas de sensor digital Fabricante: OUTOTEC S.A. CHILE HACH CO,USA Número de pieza: N048547131 LXV404.99.0555",N048547131 LXV404.99.0555
"TUBO FACO 53262568504 TUBO, NOMBRE FABRICANTE: FACO, NUMERO PARTE: 53262568504, EQUIPO AL CUAL PERTENECE: HARNERO VIBRATORIO 8X6 SHDD",53262568504
FUELLE||BALD 100T|PLNGE20401 FUELLE BALD 100T SEGUN PLANO ADJUNTO GE4-20401:REV-1,PLNGE20401
FUELLE||BALD 100T|PLNGE20401 FUELLE BALD 100T SEGUN PLANO ADJUNTO GE4-20401:REV-1,PLNGE20401
"SITOP MODULAR SIEMENS 6EP1437-3BA00 SITOP MODULAR 6EP1437-3BA00 40 FUENTE DE ALIMENT. ESTABILIZADA ENTRADA: 3AC 400-500V SALIDA: 24V DC 40A MARCA: SIEMENS, NUMEROFABR ICANTE: 6EP1437-3BA00, EQUIPO O SISTEMA: PUENTE GRUA FEMONT ,",6EP1437-3BA00
"SENSOR VELOCIDAD RAMSEY 60-22H-1-I SENSOR VELOCIDAD MODELO 60-22H-1-I MARCA: RAMSEY, EQUIPO: CORREA TRANSPORTADORA,.",60-22H-1-I
"BLOCK CARGA INF TLGR KONECRANES 6368 BLOCK DE CARGA INFERIOR TLGR, (ENSAMBLE DE GANCHO DE ELEVACION), FABRICANTE KONECRANES, NUMERO DE PARTES 6368",6368
"ARNÉS,SEGURIDAD,LOOP,S TO M,DIELECTRIC, MACAYA LTDA: AR4531177 11445293 Guardacabo,Cable Short Name Guardacabo,Soga Denominación/Tipo Guardacabo Cabo de vida Dimensión/Tamaño De Guardacabo 25mm ancho Material Del Guardacabo Poliéster Specification data Dieléctrico MACAYA LTDA / NP CV0231018 ************************************** Bolsa,Textil Short Name Bolso,Género Diseño/Tipo De La Bolsa Seafarer Tela De La Bolsa Pvc,High resistance Dimension/Tamaño De La Bolsa 54l Color Del Material Rojo NP: BO1033540 MACAYA LTDA ********************************************** Arnés,Safety,Industriales Short Name Arnés,Seguridad Tipo De Diseño Loop Denominación Tamaño L to XL Material Del Arnés Polyester,Dielectric Carga Segura De Trabajo 3000kg max Características Especiales 140kg user weight max NP: AR4531600 MACAYA LTDA ********************************************************** Arnés,Safety,Industriales Short Name Arnés,Seguridad Tipo De Diseño Loop Denominación Tamaño S to M Material Del Arnés Dielectric,Polyester Carga Segura De Trabajo 3000kg max Características Especiales 140kg user weight max NP:AR4531177 MACAYA",AR4531177
"YOKE,UNIVERSAL JOINT,PLATE,FILTER,MOLYBD Yoke,Universal joint Short Name Yoke,Universal joint Design type Plate,Filter Material Molybdenum,ASTM A36",cant find the part number
"Completion hydraulic pumps (KIT:REPARACION,APLIC BBA DE VACÍO,CONTND) KIT: TIPO:REPARACIÓN APLICACIÓN: BOMBA DE VACÍO CONTENIDO A: (8) TORNILLOS GB/T80,M10X20 CONTENIDO B: (2) V-RING V-220A-NBR A 60-65 CONTENIDO C: (4) EMPAQUETADURA HG/T20606 RF 300-10 C-4243 CONTENIDO D: (1) AISLADOR 167X197X15 DIN 3760 A CONTENIDO E: (2) LOCTITE 587(300ML/PC) CONTIENE F: (2) O-RING 234.31X5.34-FPM,FKM TEXTO (TEXT):CONTENIDO G: (2) EMPAQUETADURA PTFE,2BE3/4-5 CONTENIDO H: (2) AISLADOR 190X220X15 DIN3760 A CONTENIDO I: (8) ARANDELA DE COMPENSACIÓN 2BE350/360/45/46/47 CONTENIDO J: (2) ANILLO DE SELLO 2BE350/352 CONTENIDO K: (4) EMPAQUETADURA HG/T20606 RF 50-16 C-4243 CONTENIDO L: (2) PLATO DE VÁLVULA 2BE350/352/450/452 USO: BOMBA DE VACÍO (ANILLO LÍQUIDO) MARCA NASH MODELO 2BE472. FABRICANTE (MANUFACTURER): NASH:S930697 VENDOR: MAESTRANZA DIESEL:S930697 ",S930697
"Proximity sensors (SENSOR,D/PROX:INDUCTIVO,12-30VDC ALIM,D) SENSOR,DE PROXIMIDAD: MODO:INDUCTIVO ALIMENTACIÓN: 12-30VDC TAMAÑO:18MM ESTILO: ***** RANGO: 5MM MONTAJE:ENRASADO CONEXIÓN: ***** SALIDA:NO+NC NPN-PNP PROGRAMABLE FRECUENCIA DE CONMUTACIÓN: 1000HZ MATERIAL DEL CUERPO:LATON NIQUELADO LONGITUD DEL CABLE: 2M PROTECCIÓN:IP67 FABRICANTE (MANUFACTURER): INFRA:IS M 03 ",IS M 03
"Industrial parts or accessories (REGULD.FILTRO DOBLE G3/4"" SITEK STSP3G34) REGULADOR PARA FILTRO TIPO:DOBLE FILTRO PRESIÓN DE ENTRADA:***** PRESIÓN DE SALIDA:10 BAR MÁX TAMAÑO/CONEXIÓN:G3/4"" MATERIAL DEL CUERPO:ALUMINIO/POLICARBONATO ATRIBUTO:TEMPERATURA 0-60°C FABRICANTE:SITEK PARTE:STSP3G34 ",STSP3G34
Level sensors or transmitters (TRANSMSR.PRES-1 A 5BAR BAUMER Y91-255B77) TRANSMISOR DE PRESIÓN TIPO:RESISTIVO RANGO:-1 A 5 BAR SALIDAS:0-10 VDC POTENCIA DE SUMINISTRO:***** TAMAÑO/CONEXIÓN:1/4''-18NPT MATERIAL:ACERO INOXIDABLE 304 ATRIBUTO:SELLADO: EPDM. FABRICANTE:BAUMER PARTE:Y91-2.5.5.B77.R ,Y91-2.5.5.B77.R
"SWITCH,TILT,RAMSEY 2043 INTERRUPTOR,INCLINACION",The part number in the text is 2043.
"FILTER,FUEL,VOLVO 20998805 10627860 FILTER,FUEL,VOLVO 20998805 Descripción corta FILTER,FUEL,VOLVO 20998805 Fabricante: VOLVO Número de pieza: 20998805",20998805
"CONNECTING LINK,SMART FIELD,WIRELESS ESLABÓN CONECTOR,SMART FIELD,INALÁMBRI Número de pieza: 781SA1PNANA1WP3 11388463 ESLABÓN CONECTOR,SMART FIELD,INALÁMBRI Eslabón conector,Rigido Short Name: Eslabón Conector Datos De Ranura: Smart field Mounting data: Inalámbrica Fabricante: EMERSON PROCESS Número de pieza: 781SA1PNANA1WP3 Long Description Connecting link,Rigid Short Name: Connecting link Slot data: Smart field Mounting data: Wireless sF Master Number 2933349 UOM EA Short Description CONNECTING LINK,SMART FIELD,WIRELESS",781SA1PNANA1WP3
"CONTACTOR,VAC,SIEMENS 3RT12766NF36 Processor,Communications,Model cp 342-5 Contactor Modifier 1 Vacuum Additional modifiers 250kW Additional modifiers 400V Additional modifiers 500A Additional modifiers 3 pole Additional modifiers 2 n/o,2 n/c Contactor Modifier 1 Vacuum Additional modifiers 250kW Additional modifiers 400V Additional modifiers 500A Additional modifiers 3 pole Additional modifiers 2 n/o,2 n/c",3RT12766NF36
"VALVULA MARIP AC 285psi 4"" LUG ANSI 150 VALVULA; DESIGNACION TIPO MODELO: MARIPOSA; MATERIAL CUERPO: ACERO KLM 11; MATERIAL TRIM: DISCO: ACERO KLM 12 ASIENTO: RPTFE; MEDIDA PRESION: 285psi; DIAMETRO NOMINAL: 4""; TIPO CONEXION: LUG ANSI 150; TIPO VASTAGO: FALTA INFORMACION; METODO ACCIONAMIENTO: ACTUADOR ELECTRICO 600 VAC - PROFIBUS DP",The part number in the provided text is 'KLM 11'.
"VALVULA MARIP AC 285psi 3"" LUG ANSI 150 VALVULA; DESIGNACION TIPO MODELO: MARIPOSA; MATERIAL CUERPO: ACERO KLM 11; MATERIAL TRIM: DISCO: ACERO KLM 12 ASIENTO: RPTFE; MEDIDA PRESION: 285psi; DIAMETRO NOMINAL: 4""; TIPO CONEXION: LUG ANSI 150; TIPO VASTAGO: FALTA INFORMACION; METODO ACCIONAMIENTO: ACTUADOR ELECTRICO 600 VAC - PROFIBUS DP",The part number from the given text is 'KLM 11'.
"CAJA REDUCTORA 1092kW 2956rpm 8,149 CAJA; DESIGNACION TIPO MODELO: REDUCTORA; MEDIDA POTENCIA: 1092kW (CAJA REDUCTORA); VELOCIDAD (RPM): 2956rpm; RELACION TOTAL: 8,149; POSICION EJE: HORIZONTAL (EJE ENTRADA, EJE INTERMEDIO, EJE SALIDA); TIPO EJE SALIDA: ENGRANAJE HELICOIDAL.; METODO MONTAJE: MANUAL; USO DESIGNADO: LOCOMOTORAS SCHALKE DE PRODUCCION TENIENTE 8 130TON.; CARACTERISTICAS ADICIONALES: CAJA REDUCTORA WATTEEUW DESARMADA , CONSISTE EN TODOS LOS COMPONENTES DE LA CAJA MAS BARRA DE TORQUE Y ACOPLAMIENTO LADO CAJA REDUCTORA",cant find the part number
"BOMBA DOSIFICADORA IWAKI EHE46E2FC BOMBA DOSIFICADORA (DOSING PUMP), POLIVINYLDENEFLUORIDE 210-230V, 0,9AMAX CONTROL ON OFF PULSO 4-20MA, 0-360 STROKE POR MINUTOS 0-100%STROKE, IWAKI EHE 46-E2-FC",EHE46E2FC
"CARRETE PORTA MANGUERA ALEMITE 8080A CARRETE PORTA MANGUERA, CARACTERISTICAS GENERALES: DIAMETRO 3 8"", LARGO 24M, REFERENCIA: ALEMITE 8080-A, USO O APLICACION: HARNERO R EXNORD 8X16",8080A
JGO REPUESTOS VALVULA SOLDYMAT SM411110 JUEGO REPUESTOS VALVULA P VALVULA FRENO REF:SOLDYMAT SM411110,SM411110
BALIZA MRM 800HZ/970HZ RUSSELL 10102946 BALIZA CONFIGURADO COMO MRM 800HZ 970HZ 98DBM FABRICANTE RUSSELL NUMERO DE PARTES 10102946 USO: ENLAINADORA 5 AÑOS,10102946
JOYSTICK BALANCIN/GATIL RUSSELL 10104285 JOYSTICK XY CON 2 BALANCIN VERTICAL Y GATILLO FABRICANTE RUSSELL NUMERO DE PARTES 10104285 USO: ENLAINADORA 5 AÑOS,10104285
VALVULA CONTRABALANCE RUSSELL 03B0195 VALVULA DE CONTRABALANCE 60LPM 3:1 GP FABRICANTE RUSSELL NUMERO DE PARTES 03B0195 USO: ENLAINADRA MANTENIMIENTO PREVENTIVO,03B0195
"EJE EXCENTRICO PLNGE2228841 EJE EXCENTRICO SEGUN PLANO N GE2-22884-1 USO: HARNEROS SIMPLE PARRILLA MODELO ALLIS CHALMERS, CHANCADO SEWELL",GE2-22884-1
MOTOR ASINCRONO DRN100LS4/FE Not Available,DRN100LS4/FE
ENCHUFE MACHO VOLANTE 3P+N+T 32 AMP. Not Available,cant find the part number
ENCHUFE MACHO VOLANTE 16 A. 220 V. 2 P + Not Available,cant find the part number
TUBO HIDRAULICO DE 38 M/M X 5 M/M Not Available,cant find the part number
ENCHUFE HEMBRE EMBUTIDO 220V.50/60HZ.16A Not Available,cant find the part number
TUBO POLIURETANO 8MM R/NEUMAT.BLANCO Not Available,cant find the part number
"ELECTRODO P/AC.DULCE B/H 3/32""-E7018 Not Available",cant find the part number
"CAÑERIA MANNESMANN S/C 2"" SCH 40 Not Available",cant find the part number
TUBO POLIURETANO 10MM R/NEUMAT.BLANCO Not Available,cant find the part number
PERFIL FE.CUADRADA 100 X 5 MM ESP. Not Available,cant find the part number
autocargables Not Available,cant find the part number
turbo Not Available,cant find the part number
trituradora Not Available,cant find the part number
estanque moto de herbicida Not Available,cant find the part number
ELECTROVALVULA 3/2 G ¼ 24VCC Not Available,cant find the part number
iPad (9Th Generacion) Wifi + Cellular MK473CI/A 64GB Space Gray Not Available,MK473CI/A
SOLDADURA INDURA SUPER ALLOY 3/32 Not Available,cant find the part number
MINI LIMIT SWITCH PLCA.ROD.KOINO KH8005 Not Available,KH8005
TUBO LED T8 120 CM 18W Not Available,cant find the part number
filtro respiradero 0160ma003bn hydac Not Available,0160MA003BN
REMACHADORA PROF.RE-9 9' TRUPER Not Available,cant find the part number
ATORNILLADOR BAHCOFIT AIS.1.2X6.5X150 Not Available,AIS.1.2X6.5X150
HUINCHA MEDIR 7.5 MTS FLG075/FLG9075 UYUSTOOLS Not Available,FLG075/FLG9075
DISCO CORTE KRAFTER 4 1/2 X 1 MM Not Available,cant find the part number
"ESCALERA PRODALUM TIJERA ALUMINIO MOD. 205 1,52 MT Not Available",205
TORNILLO MECANICO TRUPER TA-5 Not Available,TA-5
3M CINTA ALUMINIO 3311 48MMX 45 MTS Not Available,3311
KIT LUBRI.C/ENG.SOPL.POWERMIZER KAC90278 Not Available,KAC90278
BANCO DE BATERIAS PARA UPS Not Available,cant find the part number
"BEARING NU 1016 C3, INT. Ø 80 MM Mca.SKF Not Available",NU 1016 C3
"ABRAZADERA RIEL RUC 1/2"" Not Available",cant find the part number
ABRAZADERA MIKALOR 63 - 68 MM Not Available,cant find the part number
ABRAZADERA MIKALOR 37-40 MM W4 Not Available,cant find the part number
INTERRUPTOR AUTOMÁTICO MONOFASICO 25A Not Available,cant find the part number
INTERRUPTOR AUTOMATICO 1*1A Not Available,cant find the part number
INTERRUPTOR AUTOMATICO 1*32A Not Available,cant find the part number
INTERRUPTOR AUTOMATICO 3x25A C 6KA Not Available,cant find the part number
INTERRUPTOR AUTOMATICO 3*32A C 10KA Not Available,cant find the part number
INTERRUPTOR AUTOMATICO 3*16A C 10KA Not Available,cant find the part number
INTERRUPTOR AUTOMATICO 1*2A C 10KA Not Available,cant find the part number
INTERRUPTOR AUTOMATICO 3*10A C 10KA Not Available,cant find the part number
INTERRUPTOR AUTOMATICO 3*63A C 10KA Not Available,cant find the part number
INTERRUPTOR AUTOMATICO 1*16A C 10KA Not Available,cant find the part number
INTERRUPTOR AUTOMATICO 1*10A C 10KA Not Available,cant find the part number
"IMP.BBA.OMEGA 250-600 AC.INOX,600MM,HOMO Not Available",cant find the part number
Renovación certificados SSL DV Wildcard Not Available,cant find the part number
kit extractor de dos patas rodamientos skf Not Available,cant find the part number
Juego extractores de tres patas chicos y medianos SKF Not Available,cant find the part number
"Bandas con memoria molecular largo 11,8 cm tensión 0,18 (36 Unidades) Not Available",cant find the part number
Caja de vitamina C 100 mg (100 unidades) Not Available,cant find the part number
ALMIDON DE MAIZ Not Available,cant find the part number
Cinta impresora Not Available,cant find the part number
Panel filtrante Filtros Rotatorios Not Available,cant find the part number
"Monitor LG 24"" Not Available",cant find the part number
Audifonos Jabra Evolve 65 Modelo HSC018Wa Estereo Not Available,cant find the part number
Industrial garnets (Kit alineador láser Acoem AT-300 T) Alineador láser Acoem AT-300 T - Maleta rigida - Emisor/receptor láser - Pantalla c/bluetooth y wifi - Soportes de receptor/emisor - Extensión de cadenas - Bases magneticas - Cargador USB y adaptadores - Cinta metrica - Guía de uso rápida - Conexión wifi - Capacitación ,AT-300 T
PILAS TRIPLE A (AAA) RECARGABLES Not Available,cant find the part number
TONER CF283 Not Available,CF283
"DISCO DE CORTE 12"" X 3/32"" X1"" Not Available",cant find the part number
GUANTE NITRILO STANDAR Not Available,cant find the part number
CARETA FACIAL LIBUS 500 Not Available,cant find the part number
CORREA SPA 1380 Not Available,SPA 1380
"SILENCIADOR 1""NPT SAND S30 - TYPE M10 Not Available",cant find the part number
LIMA PLANA P/GRUESA 10 Not Available,cant find the part number
LUSTRA MUEBLES Not Available,cant find the part number
TOALLA MANO 2x250 MTS Not Available,cant find the part number
PAPEL HIGIENICO JUMBO 6X500MTS Not Available,cant find the part number
PAÑO WYPALL X80 VERDE Not Available,cant find the part number
CUBRE CALZADO Not Available,cant find the part number
COFIAS (BOLSA 100 UNI) Not Available,cant find the part number
PAÑO WYPALL X70 BLANCO Not Available,cant find the part number
"FUELLE DE GOMA 1500MM x 5 1/2"" Not Available",cant find the part number
CORREA V A-43 Not Available,A-43
CLORO GEL Not Available,cant find the part number
BLOQUEADOR SOLAR INDIVIDUAL Not Available,cant find the part number
PAPEL HIGIENICO ROLLO 6 X 500 Not Available,cant find the part number
PAÑO WYPALL X70 BLANCO Not Available,cant find the part number
PAÑO WYPALL X80 AZUL Not Available,cant find the part number
ESCOBILLON MUNICIPAL VIRUTEX C/ MANGO Not Available,cant find the part number
Nivel laser profesional Brooklyn autonivelante rojo 2 lineas Not Available,cant find the part number
Huincha indicador de distancia laser 50m Not Available,cant find the part number
Sensor medidor de nivel de sonido ruido digital Not Available,cant find the part number
Termometro digital infrarrojo Laser Not Available,cant find the part number
Luxometro digital medidor de luz Not Available,cant find the part number
VARIADOR DE FRECUENCIA 90KW /400V Not Available,cant find the part number
RETEN 80-100-10 MM L/SIMPLE CB Not Available,cant find the part number
UPS 500 W Not Available,cant find the part number
HERRAMIENTAS COPIAPO Not Available,cant find the part number
termiNAL de pvc HE 63MM Not Available,cant find the part number
"SOLDADURA 6011 1/8"" 1 KG Not Available",cant find the part number
"SOLDADURA 6011 3/32"" 1KG Not Available",cant find the part number
SOLDADURA 6010 3/32'' INDURA 1KG Not Available,cant find the part number
SOLDADURA 7018 1/8'' INDURA 1KG Not Available,cant find the part number
SOLDADURA 7018 3/32'' INDURA 1KG Not Available,cant find the part number
SOLDADURA 6010 1/8'' INDURA 1KG Not Available,cant find the part number
PROYECTOR LED 200W MOD.TANGO G3-BVP382 PHILLIPS N/P 911401842898 Not Available,911401842898
PIÑÓN SEW MN1.00 Z25 L26 D18 COD: 41297 Not Available,41297
REDUCTOR SEW DE EJES PARALELOS FAF37/A Not Available,FAF37/A
"REDUCTOR SEW RX67/A, REDUCTOR SEW RX67/A VELOCIDAD [R/MIN] :1400 / 438 Not Available",RX67/A
Disco duro externo Not Available,cant find the part number
Mouse inalámbrico Not Available,cant find the part number
CARRO PORTA CONDUCTOR PARA RIEL 164 BIS Not Available,cant find the part number
MAQUINA TERMOLAMINADORA Not Available,cant find the part number
LAMINA TERMOLAMINADA OFICIO Not Available,cant find the part number
guillotina Not Available,cant find the part number
"MALLA RASCHEL 80% NEGRA 2,10 Metros ROLLO 50 Metros Not Available",cant find the part number
MALLA RASCHEL VERDE 80% X 2.10 Metros Not Available,cant find the part number
FILTRO 7093C 3M Not Available,7093C
RODILLO CHIPORRO 12 CMS Not Available,cant find the part number
MASCARILLA FULL FACE Not Available,cant find the part number
BRIDA ACERO STUB END 110 mm Not Available,cant find the part number
"VALV.GUILL.VCH 14"",AC.MAN,CL150,CJA REDU Not Available",cant find the part number
"VALV.MARIPOSA HP AC.ELECTRICO 14"" Not Available",cant find the part number
"ELECTRODO 3/32"" 6011 Not Available",cant find the part number
"BISAGRA 2 1/2"" X 3"" DEVA Not Available",cant find the part number
ESCOBILLA ACERO C/MANGO HELA Not Available,cant find the part number
CABLE CONTROL OLFLEX CLASSIC 115CY 4G* 0 .75MM2 Not Available,cant find the part number
"EASYRACK800/42U/1200W.SIDES,CASTORS,FEET ER8222 Not Available",ER8222
LLAVE PASO PPR 25 MM Not Available,cant find the part number
"TERMINAL PVC HI CE 25 X 3/4"" Not Available",cant find the part number
TUBERIA PVC HID 75 Not Available,cant find the part number
CODO PVC CE 75 X 90? Not Available,cant find the part number
KIT PEPAS CON SACA PEPAS 45 UND Not Available,cant find the part number
COPLA HDPE E/F 75 MM PN 10 Not Available,cant find the part number
GUANTE QUIRURGICO Not Available,cant find the part number
CINTA PARA ROTULADOR DYMO Not Available,cant find the part number
VIDRIO TRANSPA INASTILLABLE 452X306X12MM Not Available,cant find the part number
TERMORETRACIL 2MM ROLLO 200MT Not Available,cant find the part number
TERMORETRACIL 4MM ROLLO 200MT Not Available,cant find the part number
COND.ELECTROLITICO 1000UF 35V D:10MM L:20MM Not Available,cant find the part number
LLAVE IMPACTO 1/2 18V 1050NM Not Available,cant find the part number
LLAVE IMPACTO 1/2 18V 280NM Not Available,cant find the part number
Yegua de carga 2 en 1 70/137 kg Marca Stanley Not Available,cant find the part number
GUANTE PROTECCION MECANICA Not Available,cant find the part number
PRUNES SAW BLADES DE DIENTES LARGOS Not Available,cant find the part number
PIZARRA ACRILICA 120X150 Not Available,cant find the part number
PIZARRA ACRILICA 120X86 CM Not Available,cant find the part number
PIZARRA DE CORCHO 60X45 Not Available,cant find the part number
LAPIZ PASTA BIC ROJO Not Available,cant find the part number
PLUMON PERMANENTE NEGRO Not Available,cant find the part number
LAMINAS PARA TERMOLAMINAR TAMAÑO CARTA Not Available,cant find the part number
ARGOLLAS SEPARADORAS 2MM Not Available,cant find the part number
CUCHILLO ESTRELLA Not Available,cant find the part number
DEDOS SEPARADORES Not Available,cant find the part number
PLUMÓN PERMANENTE ROJO Not Available,cant find the part number
REGLA METALICA Not Available,cant find the part number
TIJERA GRANDE Not Available,cant find the part number
CAJAS DE CORCHETES Not Available,cant find the part number
CORRECTOR LINEAL Not Available,cant find the part number
REPUESTOS DE EQUIPO Not Available,cant find the part number
BATERIA DE 12 VOLT 100AMP. CCA 700 AMP. Not Available,cant find the part number
LIMPIA VIDRIO Not Available,cant find the part number
ENDULZANTE Not Available,cant find the part number
batería adicional HELI modelo CBD15J-Li3 Not Available,CBD15J-Li3
TRANSPALETA ELECTRICA CAPACIDAD 1600-1800 KG Not Available,cant find the part number
(FV) SENSOR DETECCION ULTRASONIDO UB 250 Not Available,cant find the part number
Refractómetro Not Available,cant find the part number
SACO CEMENTO 25 KG Not Available,cant find the part number
